Rank,Player,Position,Squad,Age,Born,90s,Tackles,Interceptions (Int),Tournament Stage,Interceptions per 90 mins,Eligible Defender,FBref Player ID,,,,,
1,Brenden Aaronson,MF,USA,25,2000,0.8,1,0,Knockout,0,No,5bc43860,,,,,
2,Thelo Aasgaard,MF,Norway,24,2002,1,1,3,Knockout,3,No,c88a28b9,,,,,
3,Hamza Abdelkarim,FW,Egypt,18,2008,0.7,0,0,Knockout,0,No,057d8f12,,,,,
4,Hossam Abdelmaguid,DF,Egypt,25,2001,0.7,0,1,Knockout,1.428571429,Yes,accbfc94,,,,,
5,Mohamed Abdelmonem,DF,Egypt,27,1999,0.2,0,0,Knockout,0,Yes,bff15d74,,,,,
6,Ali Abdi,DF,Tunisia,32,1993,3,8,4,Group Stage Eliminated,1.333333333,Yes,ad7cdb35,,,,,
7,Saud Abdulhamid,DF,Saudi Arabia,26,1999,3,9,2,Group Stage Eliminated,0.666666667,Yes,caa254e4,,,,,
8,Abdulla Abdullaev,DF,Uzbekistan,28,1997,2,2,3,Group Stage Eliminated,1.5,Yes,03053fbf,,,,,
9,Yusuf Abdurisag,FW,Qatar,26,1999,1.1,2,1,Group Stage Eliminated,0.909090909,No,13c8f40b,,,,,
10,Husam Abu Dahab,DF,Jordan,26,2000,2,3,0,Group Stage Eliminated,0,Yes,300aaeb6,,,,,
11,Mohammad Abu Hasheesh,DF,Jordan,31,1995,0.1,2,0,Group Stage Eliminated,0,Yes,72c2fa7a,,,,,\
12,Mohannad Abu Taha,DF,Jordan,23,2003,2.9,2,6,Group Stage Eliminated,2.068965517,Yes,5c4bac6c,,,,,
13,Mo Abualnadi,DF,Jordan,25,2001,0.8,0,0,Group Stage Eliminated,0,Yes,4bff62e4,,,,,
14,Yazeed Abulaila,GK,Jordan,33,1993,3,0,0,Group Stage Eliminated,0,No,5d11fc17,,,,,
15,Mahmoud Abunada,GK,Qatar,26,2000,3,0,0,Group Stage Eliminated,0,No,27e7e545,,,,,
16,Elias Achouri,FWMF,Tunisia,27,1999,0.5,2,0,Group Stage Eliminated,0,No,4dd2a0be,,,,,
17,Ché Adams,FW,Scotland,29,1996,1.6,1,0,Group Stage Eliminated,0,No,f2bf1b0f,,,,,
18,Jayden Adams,MF,South Africa,25,2001,1.3,0,2,Knockout,1.538461538,No,259affab,,,,,
19,Tyler Adams,MF,USA,27,1999,3.8,5,8,Knockout,2.105263158,No,2b09d998,,,,,
20,Ricardo Adé,DF,Haiti,36,1990,3,2,5,Group Stage Eliminated,1.666666667,Yes,a9ee5e81,,,,,
21,Ibrahim Adel,MF,Egypt,25,2001,0,0,0,Knockout,,No,4869216e,,,,,
22,Simon Adingra,FWMF,Côte d'Ivoire,24,2002,0.2,0,0,Knockout,0,No,4dcec659,,,,,
23,Jonas Adjetey,DF,Ghana,22,2003,2.5,3,1,Knockout,0.4,Yes,bdbf78cd,,,,,
24,Michel Aebischer,MFFW,Switzerland,29,1997,1.7,1,0,Knockout,0,No,f9c927de,,,,,
25,Akram Afif,FWMF,Qatar,29,1996,2.6,1,0,Group Stage Eliminated,0,No,fd53d9e7,,,,,
26,Emmanuel Agbadou,DF,Côte d'Ivoire,28,1997,3,6,4,Knockout,1.333333333,Yes,75f1ed80,,,,,
27,Rodrigo Aguirre,FW,Uruguay,31,1994,0,0,0,Group Stage Eliminated,,No,b5691f5d,,,,,
28,Ali Ahmed,MF,Canada,25,2000,2.6,2,3,Knockout,1.153846154,No,540a5be1,,,,,
29,Homam Ahmed,DF,Qatar,26,1999,1.4,1,3,Group Stage Eliminated,2.142857143,Yes,a62fa158,,,,,
30,Rayan Aït-Nouri,DF,Algeria,25,2001,3.2,13,5,Knockout,1.5625,Yes,9b398aea,,,,,
31,Kristoffer Ajer,DF,Norway,28,1998,5.3,8,4,Knockout,0.754716981,Yes,a8c0acb7,,,,,
32,Manuel Akanji,DF,Switzerland,30,1995,6.7,9,6,Knockout,0.895522388,Yes,89ac64a6,,,,,
33,Nathan Aké,DF,Netherlands,31,1995,1.9,0,4,Knockout,2.105263158,Yes,eaeca114,,,,,
34,Yunus Akgün,MF,Türkiye,25,2000,1,0,0,Group Stage Eliminated,0,No,1453e3cf,,,,,
35,Maghnes Akliouche,MF,France,24,2002,0.1,0,0,Knockout,0,No,b625b241,,,,,
36,Kerem Aktürko?lu,FW,Türkiye,27,1998,1.4,1,0,Group Stage Eliminated,0,No,f28659fb,,,,,
37,Ahmed Alaaeldin,FW,Qatar,33,1993,0.5,1,0,Group Stage Eliminated,0,No,74fbbb3c,,,,,
38,David Alaba,DF,Austria,33,1992,3.1,1,4,Knockout,1.290322581,Yes,05439de2,,,,,
39,Kerim Alajbegovi?,MF,Bosnia-Herz,18,2007,3.1,0,2,Knockout,0.64516129,No,f3d9291e,,,,,
40,Jordy Alcivar,MF,Ecuador,26,1999,0.5,1,0,Knockout,0,No,6e98c19f,,,,,
41,Omar Alderete,DF,Paraguay,29,1996,3.6,0,2,Knockout,0.555555556,Yes,bb08bce9,,,,,
42,Almoez Ali,FW,Qatar,29,1996,0.2,0,0,Group Stage Eliminated,0,No,bae045a9,,,,,
43,Hussein Ali,DF,Iraq,24,2002,1.8,2,2,Group Stage Eliminated,1.111111111,Yes,b8a919ad,,,,,
44,Mohanad Ali,FW,Iraq,25,2000,0.1,0,0,Group Stage Eliminated,0,No,f929049b,,,,,
45,Taha Ali,FWMF,Sweden,27,1998,0.4,0,0,Knockout,0,No,da4b8a4e,,,,,
46,Khojiakbar Alijonov,MF,Uzbekistan,29,1997,1.5,2,5,Group Stage Eliminated,3.333333333,No,e53cbd7a,,,,,
47,Ali Alipour,FW,IR Iran,30,1995,0.4,1,1,Group Stage Eliminated,2.5,No,488ee64c,,,,,
48,Alisson,GK,Brazil,33,1992,5,0,0,Knockout,0,No,7a2e46a8,,,,,
49,Thiago Almada,MF,Argentina,25,2001,2.7,4,0,Knockout,0,No,27f33438,,,,,
50,Miguel Almirón,MFFW,Paraguay,32,1994,3.1,7,3,Knockout,0.967741935,No,862a1c15,,,,,
51,Júnior Alonso,DF,Paraguay,33,1993,4.3,9,4,Knockout,0.930232558,Yes,b18a3023,,,,,
52,Bar?? Alper Y?lmaz,MFFW,Türkiye,26,2000,2,0,0,Group Stage Eliminated,0,No,414b2ce4,,,,,
53,Roberto Alvarado,FWMF,Mexico,27,1998,4.8,3,2,Knockout,0.416666667,No,ff871e14,,,,,
54,Edson Álvarez,MFDF,Mexico,28,1997,2.7,6,3,Knockout,1.111111111,Yes,8b3ab7ad,,,,,
55,Julián Álvarez,FW,Argentina,26,2000,6.7,4,3,Knockout,0.447761194,No,15ab5a2b,,,,,
56,Ayoube Amaimouni,MF,Morocco,21,2004,0.2,1,0,Knockout,0,No,c5a07a5e,,,,,
57,Zeki Amdouni,FWMF,Switzerland,25,2000,0.8,1,0,Knockout,0,No,2ee5b0c9,,,,,
58,Michael Amir Murillo,DFMF,Panama,30,1996,3,3,1,Group Stage Eliminated,0.333333333,Yes,349cae8f,,,,,
59,Nadiem Amiri,MF,Germany,29,1996,0.5,1,0,Knockout,0,No,555d5edd,,,,,
60,Amir Al Ammari,MF,Iraq,28,1997,2.7,1,2,Group Stage Eliminated,0.740740741,No,9f65be73,,,,,
61,Azizbek Amonov,FW,Uzbekistan,28,1997,0.2,0,0,Group Stage Eliminated,0,No,f487314f,,,,,
62,Mohamed Amoura,FWMF,Algeria,26,2000,0.3,0,0,Knockout,0,No,6597f8b6,,,,,
63,Sofyan Amrabat,MF,Morocco,29,1996,1.6,1,2,Knockout,1.25,No,5a2cb25d,,,,,
64,Abdulelah Al-Amri,DF,Saudi Arabia,29,1997,2.7,2,4,Group Stage Eliminated,1.481481481,Yes,fd0affe3,,,,,
65,Youssef Amyn,MF,Iraq,22,2003,0.3,0,0,Group Stage Eliminated,0,No,10c12f22,,,,,
66,Elliot Anderson,MF,England,23,2002,7,18,8,Knockout,1.142857143,No,de31038e,,,,,
67,Andrés Andrade Cedeño,DF,Panama,27,1998,3,3,3,Group Stage Eliminated,1,Yes,6ea23758,,,,,
68,Fredrik André Bjørkan,DF,Norway,27,1998,0.5,1,2,Knockout,4,Yes,3724baa1,,,,,
69,Nilson Angulo,MF,Ecuador,22,2003,2.4,1,2,Knockout,0.833333333,No,a9b9d89c,,,,,
70,Waldemar Anton,DFMF,Germany,29,1996,0.6,1,2,Knockout,3.333333333,Yes,5e66fa06,,,,,
71,Jeremy Antonisse,FWMF,Curaçao,24,2002,0.8,1,0,Group Stage Eliminated,0,No,6011e63a,,,,,
72,Houssem Aouar,MF,Algeria,27,1998,1.9,1,0,Knockout,0,No,a5db0bec,,,,,
73,Oswin Appollis,MFFW,South Africa,24,2001,2.8,3,1,Knockout,0.357142857,No,e8933eb0,,,,,
74,Yazan Al-Arab,DF,Jordan,30,1996,3,1,11,Group Stage Eliminated,3.666666667,Yes,32878a09,,,,,
75,Maxi Araújo,FWMF,Uruguay,26,2000,2.8,0,0,Group Stage Eliminated,0,No,f9ab3f4a,,,,,
76,Tomás Araújo,DF,Portugal,24,2002,1,0,1,Knockout,1,Yes,0fa11d7d,,,,,
77,Telmo Arcanjo,MF,Cabo Verde,24,2001,0.6,0,0,Knockout,0,No,c692cef2,,,,,
78,Álex Arce,FW,Paraguay,30,1995,0.6,1,0,Knockout,0,No,10411db2,,,,,
79,Carlens Arcus,MFDF,Haiti,29,1996,1.6,3,3,Group Stage Eliminated,1.875,Yes,5e837126,,,,,
80,Max Arfsten,MF,USA,25,2001,0,0,0,Knockout,,No,668f881e,,,,,
81,Jhon Arias,MF,Colombia,28,1997,4.2,9,2,Knockout,0.476190476,No,86d96066,,,,,
82,Santiago Arias,DF,Colombia,34,1992,1,2,1,Knockout,1,Yes,fdd60087,,,,,
83,Marko Arnautovi?,FW,Austria,37,1989,1.6,0,0,Knockout,0,No,00459419,,,,,
84,Benjamin Asare,GK,Ghana,33,1992,2.5,0,0,Knockout,0,No,4bb65492,,,,,
85,Emam Ashour,MF,Egypt,28,1998,4,2,4,Knockout,1,No,31b7d437,,,,,
86,Rustam Ashurmatov,DF,Uzbekistan,29,1996,2.8,2,7,Group Stage Eliminated,2.5,Yes,a0ecd397,,,,,
87,Lawrence Ati-Zigi,GK,Ghana,29,1996,1.5,0,0,Knockout,0,No,a12402c3,,,,,
88,Marwan Attia,MF,Egypt,27,1998,4.8,3,3,Knockout,0.625,No,1ea3d7ec,,,,,
89,Fredrik Aursnes,MFDF,Norway,30,1995,3.4,8,1,Knockout,0.294117647,Yes,f0677ed7,,,,,
90,Gabriel Ávalos,FW,Paraguay,35,1990,1.6,2,0,Knockout,0,No,b6781b67,,,,,
91,Yasin Ayari,MF,Sweden,22,2003,3.8,4,3,Knockout,0.789473684,No,f173303a,,,,,
92,O?uz Ayd?n,DF,Türkiye,25,2000,1,6,0,Group Stage Eliminated,0,Yes,a7b98226,,,,,
93,Jordan Ayew,FW,Ghana,34,1991,3.3,3,1,Knockout,0.303030303,No,da052c14,,,,,
94,Kaan Ayhan,DFMF,Türkiye,31,1994,0,0,0,Group Stage Eliminated,,No,2200181e,,,,,
95,Neil El Aynaoui,MF,Morocco,24,2001,6.2,9,8,Knockout,1.290322581,No,17e1261b,,,,,
96,Ali Azaizeh,MF,Jordan,22,2004,0.6,3,0,Group Stage Eliminated,0,No,3a46ac67,,,,,
97,Juninho Bacuna,MF,Curaçao,28,1997,2.8,4,5,Group Stage Eliminated,1.785714286,No,aaf1bf05,,,,,
98,Leandro Bacuna,MF,Curaçao,34,1991,3,3,0,Group Stage Eliminated,0,No,9dc69d38,,,,,
99,Álex Baena,MFFW,Spain,24,2001,5.3,5,2,Knockout,0.377358491,No,518f2234,,,,,
100,Esmir Bajraktarevic,MF,Bosnia-Herz,21,2005,2.6,0,3,Knockout,1.153846154,No,dff24174,,,,,
101,Cédric Bakambu,FW,Congo DR,35,1991,2.1,0,0,Knockout,0,No,0af4dcf0,,,,,
102,Fabián Balbuena,DF,Paraguay,34,1991,0,0,0,Knockout,,No,3626f7d9,,,,,
103,Folarin Balogun,FW,USA,24,2001,3.5,0,1,Knockout,0.285714286,No,31822f8c,,,,,
104,Simon Banza,FWMF,Congo DR,29,1996,0.4,1,0,Knockout,0,No,be47b750,,,,,
105,Yoel Bárcenas,MF,Panama,32,1993,2.8,0,2,Group Stage Eliminated,0.714285714,No,b39849eb,,,,,
106,Valentín Barco,DFMF,Argentina,21,2004,0.2,0,0,Knockout,0,Yes,b9f282ec,,,,,
107,Bradley Barcola,MF,France,23,2002,4.3,4,1,Knockout,0.23255814,No,a0d55a09,,,,,
108,Abdülkerim Bardakc?,DF,Türkiye,31,1994,2.9,5,2,Group Stage Eliminated,0.689655172,Yes,5d9cff53,,,,,
109,Ivan Baši?,MF,Bosnia-Herz,24,2002,2,1,3,Knockout,1.5,No,9b0a0d51,,,,,
110,Ahmed Basil,GK,Iraq,29,1996,1.5,0,0,Group Stage Eliminated,0,No,3bf9e631,,,,,
111,Martin Baturina,MFFW,Croatia,23,2003,3.6,2,1,Knockout,0.277777778,No,d1eda5f0,,,,,
112,Ibrahim Bayesh,MFFW,Iraq,26,2000,2.6,4,1,Group Stage Eliminated,0.384615385,No,2f2003ba,,,,,
113,Samed Baždar,FW,Bosnia-Herz,22,2004,0.3,0,0,Knockout,0,No,e59c9d0d,,,,,
114,Riechedly Bazoer,DF,Curaçao,29,1996,1,1,1,Group Stage Eliminated,1,Yes,da59a197,,,,,
115,Patrick Beach,GK,Australia,22,2003,4.3,0,0,Knockout,0,No,3cc64624,,,,,
116,Aziz Behich,MF,Australia,35,1990,2.4,4,1,Knockout,0.416666667,No,b6867b96,,,,,
117,Maximilian Beier,FWMF,Germany,23,2002,0.3,0,0,Knockout,0,No,5db45ee5,,,,,
118,Alireza Beiranvand,GK,IR Iran,33,1992,3,0,0,Group Stage Eliminated,0,No,6ca0b04a,,,,,
119,Zineddine Belaïd,DF,Algeria,27,1999,0.3,0,0,Knockout,0,Yes,b2562589,,,,,
120,Rafik Belghali,DF,Algeria,24,2002,3.7,3,1,Knockout,0.27027027,Yes,0abcb968,,,,,
121,Joe Bell,MF,New Zealand,27,1999,2.7,2,4,Group Stage Eliminated,1.481481481,No,7825847e,,,,,
122,Jean-Ricner Bellegarde,MF,Haiti,27,1998,2.9,2,3,Group Stage Eliminated,1.034482759,No,10f0fdd3,,,,,
123,Jude Bellingham,MF,England,22,2003,6.8,10,3,Knockout,0.441176471,No,57d88cf9,,,,,
124,Mortadha Ben Ouanes,DFMF,Tunisia,31,1994,0.3,0,0,Group Stage Eliminated,0,Yes,1798891a,,,,,
125,Anis Ben Slimane,MFFW,Tunisia,25,2001,2.7,2,2,Group Stage Eliminated,0.740740741,No,9ade9ce1,,,,,
126,Oussama Benbot,GK,Algeria,31,1994,1,0,0,Knockout,0,No,dcae580c,,,,,
127,Nadhir Benbouali,FW,Algeria,26,2000,0.5,1,0,Knockout,0,No,cd25f2b3,,,,,
128,Gilson Benchimol,FW,Cabo Verde,24,2001,0.9,0,0,Knockout,0,No,eae26fce,,,,,
129,Ramy Bensebaini,DF,Algeria,31,1995,4,6,7,Knockout,1.75,Yes,378825c7,,,,,
130,Nabil Bentaleb,MF,Algeria,31,1994,3.2,4,3,Knockout,0.9375,No,3189f61a,,,,,
131,Rodrigo Bentancur,MF,Uruguay,28,1997,3,5,7,Group Stage Eliminated,2.333333333,No,3b8674e6,,,,,
132,Patrick Berg,MF,Norway,28,1997,4.9,7,2,Knockout,0.408163265,No,e4114f5d,,,,,
133,Sander Berge,MF,Norway,28,1998,5.3,4,9,Knockout,1.698113208,No,d0b6129f,,,,,
134,Lucas Bergvall,MF,Sweden,20,2006,2,2,2,Knockout,1,No,a109e5c8,,,,,
135,Sebastian Berhalter,MF,USA,25,2001,2.1,0,3,Knockout,1.428571429,No,f33ee427,,,,,
136,Alexander Bernhardsson,MF,Sweden,27,1998,2.4,2,2,Knockout,0.833333333,No,dea1d183,,,,,
137,Tyler Bindon,DF,New Zealand,21,2005,1.1,2,1,Group Stage Eliminated,0.909090909,Yes,3575e5eb,,,,,
138,César Blackman,MFDF,Panama,28,1998,2,0,1,Group Stage Eliminated,0.5,Yes,c2b11050,,,,,
139,Damián Bobadilla,MF,Paraguay,24,2001,2.1,3,5,Knockout,2.380952381,No,ad7d6437,,,,,
140,Oscar Bobb,FW,Norway,22,2003,2.5,3,3,Knockout,1.2,No,eed2427e,,,,,
141,Moïse Bombito,DF,Canada,26,2000,2.1,0,1,Knockout,0.476190476,Yes,c2f23fc8,,,,,
142,Theo Bongonda,FWMF,Congo DR,30,1995,0.4,0,1,Knockout,2.5,No,0da6a13e,,,,,
143,Ange-Yoan Bonny,FW,Côte d'Ivoire,22,2003,2.6,2,1,Knockout,0.384615385,No,64629ba4,,,,,
144,Jordy Bos,MFDF,Australia,23,2002,3.4,3,3,Knockout,0.882352941,Yes,8070a9fd,,,,,
145,Ayyoub Bouaddi,MF,Morocco,18,2007,4.2,3,1,Knockout,0.238095238,No,8006228f,,,,,
146,Hicham Boudaoui,MF,Algeria,26,1999,1.4,1,2,Knockout,1.428571429,No,f9d5908e,,,,,
147,Karim Boudiaf,MF,Qatar,35,1990,1.1,0,0,Group Stage Eliminated,0,No,a38f33fd,,,,,
148,Adil Boulbina,FW,Algeria,23,2003,0.2,0,0,Knockout,0,No,12f7f264,,,,,
149,Yassine Bounou,GK,Morocco,35,1991,6.3,0,0,Knockout,0,No,f6798fc3,,,,,
150,Nawaf Boushal,DF,Saudi Arabia,26,1999,1,0,1,Group Stage Eliminated,1,Yes,7dc1c2c6,,,,,
151,Michael Boxall,DF,New Zealand,37,1988,2.3,1,2,Group Stage Eliminated,0.869565217,Yes,6bfa0d3a,,,,,
152,Sultan Al-Brake,DF,Qatar,30,1996,1.6,1,2,Group Stage Eliminated,1.25,Yes,fcaa2400,,,,,
153,Joshua Brenet,DF,Curaçao,32,1994,2,4,1,Group Stage Eliminated,0.5,Yes,2b5527c4,,,,,
154,Brian Brobbey,FW,Netherlands,24,2002,2.5,1,0,Knockout,0,No,4c184730,,,,,
155,Dylan Bronn,DF,Tunisia,30,1995,0.5,0,1,Group Stage Eliminated,2,Yes,edd81e2a,,,,,
156,Nathaniel Brown,DF,Germany,22,2003,3.1,6,2,Knockout,0.64516129,Yes,abc79c47,,,,,
157,Tajon Buchanan,MF,Canada,27,1999,4.2,5,1,Knockout,0.238095238,No,3aca6420,,,,,
158,Ante Budimir,FW,Croatia,34,1991,1.7,1,0,Knockout,0,No,8f3565b3,,,,,
159,Firas Al-Buraikan,FW,Saudi Arabia,26,2000,2.6,0,1,Group Stage Eliminated,0.384615385,No,ac717a23,,,,,
160,Cameron Burgess,DF,Australia,30,1995,1.5,1,1,Knockout,0.666666667,Yes,da61ca98,,,,,
161,Dan Burn,DF,England,34,1992,0.4,0,0,Knockout,0,Yes,b2d31e83,,,,,
162,Dženis Burni?,MF,Bosnia-Herz,28,1998,0.2,0,0,Knockout,0,No,0dabaf14,,,,,
163,Gustavo Caballero,FWMF,Paraguay,24,2001,1.1,2,0,Knockout,0,No,90a38ca7,,,,,
164,Jovane Cabral,FW,Cabo Verde,28,1998,1.5,3,1,Knockout,0.666666667,No,e34e086c,,,,,
165,Liberato Cacace,DF,New Zealand,25,2000,2.4,2,3,Group Stage Eliminated,1.25,Yes,dd86e8e4,,,,,
166,Juan Cáceres,DF,Paraguay,26,2000,4.8,11,5,Knockout,1.041666667,Yes,db887bdf,,,,,
167,Sebastián Cáceres,DF,Uruguay,26,1999,3,1,2,Group Stage Eliminated,0.666666667,Yes,7091c68e,,,,,
168,Jordy Caicedo,FW,Ecuador,28,1997,0.2,0,0,Knockout,0,No,7fcb27d8,,,,,
169,Moisés Caicedo,MF,Ecuador,24,2001,4,6,4,Knockout,1,No,16264a81,,,,,
170,U?urcan Çak?r,GK,Türkiye,30,1996,3,0,0,Group Stage Eliminated,0,No,f63a8347,,,,,
171,Hakan Çalhano?lu,MF,Türkiye,32,1994,2,3,1,Group Stage Eliminated,0.5,No,cd0fa27b,,,,,
172,Lamine Camara,MF,Senegal,22,2004,2.8,1,2,Knockout,0.714285714,No,19c2ffa4,,,,,
173,Jaminton Campaz,FWMF,Colombia,26,2000,0.8,1,0,Knockout,0,No,8d5ceef2,,,,,
174,?rfan Can Kahveci,MF,Türkiye,30,1995,0,1,0,Group Stage Eliminated,,No,d2800f47,,,,,
175,José Canale,DF,Paraguay,29,1996,1.8,6,1,Knockout,0.555555556,Yes,97d24b73,,,,,
176,João Cancelo,DF,Portugal,32,1994,3.5,4,5,Knockout,1.428571429,Yes,bd6351cd,,,,,
177,Agustín Canobbio,FW,Uruguay,27,1998,2.5,3,2,Group Stage Eliminated,0.8,No,4f5a2f38,,,,,
178,Casemiro,MF,Brazil,34,1992,4.2,5,6,Knockout,1.428571429,No,4d224fe8,,,,,
179,Josué Casimir,MF,Haiti,24,2001,2,0,0,Group Stage Eliminated,0,No,481f76cf,,,,,
180,Timothy Castagne,DF,Belgium,30,1995,5.3,7,8,Knockout,1.509433962,Yes,197640fd,,,,,
181,Kevin Castaño,MF,Colombia,25,2000,0.2,0,0,Knockout,0,No,c393c3d9,,,,,
182,Jens Castrop,MF,Korea Republic,22,2003,0.5,0,0,Group Stage Eliminated,0,No,03fee7de,,,,,
183,Zeki Çelik,DF,Türkiye,29,1997,1.8,3,1,Group Stage Eliminated,0.555555556,Yes,31a62dc7,,,,,
184,Lukáš ?erv,MF,Czechia,25,2001,1.8,3,0,Group Stage Eliminated,0,No,bb4a41bc,,,,,
185,Fares Chaïbi,MF,Algeria,23,2002,4,5,3,Knockout,0.75,No,357103bd,,,,,
186,Trevoh Chalobah,DFMF,England,26,1999,0,0,0,Knockout,,No,5515376c,,,,,
187,Št?pán Chaloupek,DF,Czechia,23,2003,1,0,2,Group Stage Eliminated,2,Yes,ded82b9a,,,,,
188,Mouhib Chamakh,GK,Tunisia,24,2001,1,0,0,Group Stage Eliminated,0,No,9627f87b,,,,,
189,Firas Chaouat,FW,Tunisia,30,1996,0.5,0,0,Group Stage Eliminated,0,No,7fa8ef98,,,,,
190,Luis Chávez,MF,Mexico,30,1996,0.3,1,0,Knockout,0,No,e50949ea,,,,,
191,Mateo Chávez,DF,Mexico,22,2004,0.9,1,0,Knockout,0,Yes,f82246a1,,,,,
192,Samir Chergui,DF,Algeria,27,1999,0.2,0,0,Knockout,0,Yes,4b6ab1da,,,,,
193,Rayan Cherki,MF,France,22,2003,1.4,1,1,Knockout,0.714285714,No,b34c63a5,,,,,
194,Mathieu Choinière,MF,Canada,27,1999,0.6,1,2,Knockout,3.333333333,No,017459bb,,,,,
195,Tahith Chong,MF,Curaçao,26,1999,2.7,0,1,Group Stage Eliminated,0.37037037,No,2696b6a9,,,,,
196,Tomáš Chorý,FW,Czechia,31,1995,0.3,0,0,Group Stage Eliminated,0,No,163bbd4a,,,,,
197,Ryan Christie,MF,Scotland,31,1995,1.1,3,2,Group Stage Eliminated,1.818181818,No,26ce2263,,,,,
198,Carney Chukwuemeka,MF,Austria,22,2003,0.9,0,0,Knockout,0,No,b2f9c73e,,,,,
199,Mojmír Chytil,FW,Czechia,27,1999,0.1,0,0,Group Stage Eliminated,0,No,01a08323,,,,,
200,Brian Cipenga,MFFW,Congo DR,28,1998,1.6,2,0,Knockout,0,No,e4787d6f,,,,,
201,Alessandro Circati,DF,Australia,22,2003,4.3,7,2,Knockout,0.465116279,Yes,1223765c,,,,,
202,Pathé Ciss,DF,Senegal,32,1994,2,0,0,Knockout,0,Yes,9a0408b6,,,,,
203,Livano Comenencia,MF,Curaçao,22,2004,2.6,1,11,Group Stage Eliminated,4.230769231,No,c9d96dc1,,,,,
204,Eray Cömert,DF,Switzerland,28,1998,0.3,0,0,Knockout,0,Yes,15937e17,,,,,
205,Francisco Conceição,MF,Portugal,23,2002,1.4,2,0,Knockout,0,No,5ef3d210,,,,,
206,Jhon Córdoba,FW,Colombia,33,1993,1.1,0,0,Knockout,0,No,9f381d8b,,,,,
207,José Córdoba,DF,Panama,25,2001,3,3,1,Group Stage Eliminated,0.333333333,Yes,bec98750,,,,,
208,Derek Cornelius,DF,Canada,28,1997,3.5,3,2,Knockout,0.571428571,Yes,577744b8,,,,,
209,Diogo Costa,GK,Portugal,26,1999,5,0,0,Knockout,0,No,93fffbcf,,,,,
210,Nuno da Costa,FW,Cabo Verde,35,1991,1.8,2,1,Knockout,0.555555556,No,909222de,,,,,
211,Samu Costa,MF,Portugal,25,2000,0.2,1,0,Knockout,0,No,76c2a023,,,,,
212,Vladimír Coufal,MFDF,Czechia,33,1992,3,1,2,Group Stage Eliminated,0.666666667,Yes,fdf3cb77,,,,,
213,Thibaut Courtois,GK,Belgium,34,1992,6.1,0,0,Knockout,0,No,1840e36d,,,,,
214,Maxime Crépeau,GK,Canada,32,1994,5,1,0,Knockout,0,No,ea42e480,,,,,
215,Max Crocombe,GK,New Zealand,32,1993,3,0,0,Group Stage Eliminated,0,No,fdf47077,,,,,
216,Pau Cubarsí,DF,Spain,19,2007,8.3,4,4,Knockout,0.481927711,Yes,cc7888f3,,,,,
217,Andrés Cubas,MF,Paraguay,30,1996,5.3,13,11,Knockout,2.075471698,No,9b40a6ea,,,,,
218,Cucho,FWMF,Colombia,27,1999,0.6,0,0,Knockout,0,No,71b47ab9,,,,,
219,Marc Cucurella,DF,Spain,27,1998,8.3,4,7,Knockout,0.843373494,Yes,1daec722,,,,,
220,Matheus Cunha,FW,Brazil,27,1999,3.2,3,3,Knockout,0.9375,No,dc62b55d,,,,,
221,Findlay Curtis,MF,Scotland,19,2006,0.1,0,0,Group Stage Eliminated,0,No,e2a68b89,,,,,
222,Aymen Dahmen,GK,Tunisia,29,1997,2,0,0,Group Stage Eliminated,0,No,8bf49030,,,,,
223,Diogo Dalot,DFMF,Portugal,27,1999,0.7,2,0,Knockout,0,Yes,d9565625,,,,,
224,Danilo,DF,Brazil,34,1991,4.5,2,7,Knockout,1.555555556,Yes,94b2001f,,,,,
225,Kevin Danso,DF,Austria,27,1998,2.7,1,0,Knockout,0,Yes,6e33125f,,,,,
226,Vladimír Darida,MF,Czechia,35,1990,0.6,0,1,Group Stage Eliminated,1.666666667,No,3eb0f2df,,,,,
227,Jonathan David,FW,Canada,26,2000,4.7,1,3,Knockout,0.638297872,No,ce50fd99,,,,,
228,Promise David,FW,Canada,24,2001,0.9,1,1,Knockout,1.111111111,No,dbe19468,,,,,
229,Alphonso Davies,DFFW,Canada,25,2000,0.2,0,0,Knockout,0,Yes,d781d855,,,,,
230,Erick Davis,DF,Panama,35,1991,0,1,0,Group Stage Eliminated,,No,2ffb0739,,,,,
231,Nasser Al-Dawsari,MF,Saudi Arabia,27,1998,2.3,4,4,Group Stage Eliminated,1.739130435,No,7709e4a6,,,,,
232,Salem Al-Dawsari,MF,Saudi Arabia,34,1991,2.7,1,1,Group Stage Eliminated,0.37037037,No,60ee859c,,,,,
233,Mohammad Al-Dawud,FWMF,Jordan,34,1992,0,0,0,Group Stage Eliminated,,No,e645c3fc,,,,,
234,Kevin De Bruyne,MF,Belgium,34,1991,4.2,2,0,Knockout,0,No,e46012d4,,,,,
235,Maxim De Cuyper,DF,Belgium,25,2000,4.9,2,6,Knockout,1.224489796,Yes,d494882e,,,,,
236,Luc De Fougerolles,DF,Canada,20,2005,4.1,6,2,Knockout,0.487804878,Yes,45c427ff,,,,,
237,Charles De Ketelaere,FWMF,Belgium,25,2001,3.9,4,5,Knockout,1.282051282,No,2ef7c612,,,,,
238,Nicolás De La Cruz,MF,Uruguay,29,1997,1,1,2,Group Stage Eliminated,2,No,8fda5c72,,,,,
239,Rodrigo De Paul,MF,Argentina,32,1994,5.5,4,6,Knockout,1.090909091,No,162efffd,,,,,
240,Amar Dedi?,DF,Bosnia-Herz,23,2002,3,7,1,Knockout,0.333333333,Yes,bc6e544a,,,,,
241,Louicius Deedson,MF,Haiti,25,2001,1.2,0,1,Group Stage Eliminated,0.833333333,No,f7059bb1,,,,,
242,Hannes Delcroix,DF,Haiti,27,1999,3,3,4,Group Stage Eliminated,1.333333333,Yes,b737f944,,,,,
243,Ousmane Dembélé,MF,France,29,1997,6.6,2,0,Knockout,0,No,b19db005,,,,,
244,Merih Demiral,DF,Türkiye,28,1998,2,1,1,Group Stage Eliminated,0.5,Yes,e3cceee6,,,,,
245,Ermedin Demirovi?,FW,Bosnia-Herz,28,1998,3.9,1,1,Knockout,0.256410256,No,ed79b7d3,,,,,
246,Sergiño Dest,MF,USA,25,2000,3.3,1,5,Knockout,1.515151515,No,5976f83e,,,,,
247,Frans Dhia Putros,DF,Iraq,32,1993,1,2,2,Group Stage Eliminated,2,Yes,0102aa7e,,,,,
248,Oumar Diakité,FW,Côte d'Ivoire,22,2003,0.3,1,0,Knockout,0,No,44435c8f,,,,,
249,Amad Diallo,MFFW,Côte d'Ivoire,23,2002,2.1,4,2,Knockout,0.952380952,No,9dc96f10,,,,,
250,Assane Diao,MF,Senegal,20,2005,0.1,1,0,Knockout,0,No,8ae7d0ec,,,,,
251,Habib Diarra,MF,Senegal,22,2004,1.6,2,1,Knockout,0.625,No,6d0fe035,,,,,
252,Rúben Dias,DF,Portugal,29,1997,4,3,5,Knockout,1.25,Yes,31c69ef1,,,,,
253,Krépin Diatta,DF,Senegal,27,1999,4.3,10,3,Knockout,0.697674419,Yes,8104e41e,,,,,
254,Mory Diaw,GK,Senegal,32,1993,2.6,0,0,Knockout,0,No,f41a69e6,,,,,
255,Brahim Díaz,MF,Morocco,26,1999,5.1,2,4,Knockout,0.784313725,No,407feb71,,,,,
256,Ismael Díaz,FWMF,Panama,29,1997,0.4,1,0,Group Stage Eliminated,0,No,f2a276d1,,,,,
257,Luis Díaz,FWMF,Colombia,29,1997,5.3,0,1,Knockout,0.188679245,No,4a1a9578,,,,,
258,Bamba Dieng,FW,Senegal,26,2000,0.1,0,0,Knockout,0,No,40774c6b,,,,,
259,Lucas Digne,DF,France,32,1993,5.1,3,2,Knockout,0.392156863,Yes,1b84dbe1,,,,,
260,Diney,DF,Cabo Verde,31,1995,4.3,7,4,Knockout,0.930232558,Yes,d2e33ba2,,,,,
261,Ousmane Diomande,DF,Côte d'Ivoire,22,2003,1,0,1,Knockout,1,Yes,394be156,,,,,
262,Yan Diomandé,MFFW,Côte d'Ivoire,19,2006,3.7,6,4,Knockout,1.081081081,No,919f5f54,,,,,
263,Issa Diop,DF,Morocco,29,1997,5.3,1,7,Knockout,1.320754717,Yes,a712ca2b,,,,,
264,El Hadji Malick Diouf,DF,Senegal,21,2004,1.9,1,1,Knockout,0.526315789,Yes,bd5eb2e5,,,,,
265,Ritsu Doan,MF,Japan,27,1998,3.1,1,1,Knockout,0.322580645,No,d01bbb6f,,,,,
266,Jeremy Doku,MF,Belgium,24,2002,3.4,1,3,Knockout,0.882352941,No,fffea3e5,,,,,
267,Merchas Doski,DF,Iraq,26,1999,3,9,6,Group Stage Eliminated,2,Yes,fdf4cfe5,,,,,
268,David Doud?ra,MF,Czechia,28,1998,1,0,1,Group Stage Eliminated,1,No,e95b4604,,,,,
269,Désiré Doué,MF,France,21,2005,4.4,6,2,Knockout,0.454545455,No,9e7483ff,,,,,
270,Guéla Doué,DF,Côte d'Ivoire,23,2002,3.1,5,3,Knockout,0.967741935,Yes,b4ef3fb5,,,,,
271,Deroy Duarte,MF,Cabo Verde,26,1999,2.9,5,6,Knockout,2.068965517,No,6af8fc5b,,,,,
272,Laros Duarte,MF,Cabo Verde,29,1997,1.8,1,2,Knockout,1.111111111,No,4af3d3c8,,,,,
273,Denzel Dumfries,DFMF,Netherlands,30,1996,4.3,6,1,Knockout,0.23255814,Yes,481c9ece,,,,,
274,Jean-Kevin Duverne,DF,Haiti,28,1997,1.9,2,4,Group Stage Eliminated,2.105263158,Yes,0cbc8baa,,,,,
275,Lyndon Dykes,FWMF,Scotland,30,1995,0.4,0,0,Group Stage Eliminated,0,No,cd92357a,,,,,
276,Edin Džeko,FW,Bosnia-Herz,40,1986,2,0,1,Knockout,0.5,No,3bb7f478,,,,,
277,Roshon van Eijma,DF,Curaçao,28,1998,0.2,0,0,Group Stage Eliminated,0,Yes,130368de,,,,,
278,Anthony Elanga,MFFW,Sweden,24,2002,2.4,0,2,Knockout,0.833333333,No,2fba6108,,,,,
279,Meschak Elia,FWMF,Congo DR,28,1997,0.5,0,1,Knockout,2,No,5d51b074,,,,,
280,Callan Elliot,DF,New Zealand,26,1999,0.1,1,0,Group Stage Eliminated,0,Yes,9d6968a3,,,,,
281,Eren Elmal?,DF,Türkiye,25,2000,1.2,1,2,Group Stage Eliminated,1.666666667,Yes,8eeb8ba4,,,,,
282,Nico Elvedi,DF,Switzerland,29,1996,6.7,2,6,Knockout,0.895522388,Yes,48035304,,,,,
283,Breel Embolo,FW,Switzerland,29,1997,5.6,0,2,Knockout,0.357142857,No,0b4f388a,,,,,
284,Julio Enciso,FW,Paraguay,22,2004,4.3,5,1,Knockout,0.23255814,No,9cfbad36,,,,,
285,Endrick,FW,Brazil,19,2006,1.3,1,1,Knockout,0.769230769,No,a2728fbf,,,,,
286,Sherzod Esanov,MF,Uzbekistan,23,2003,0,0,1,Group Stage Eliminated,,No,bd6667ba,,,,,
287,Fidel Escobar,DF,Panama,31,1995,1,2,1,Group Stage Eliminated,1,Yes,4991ec66,,,,,
288,Pervis Estupiñán,MF,Ecuador,28,1998,1,1,0,Knockout,0,No,d38fdf53,,,,,
289,Derrick Etienne,FWMF,Haiti,29,1996,0.1,0,0,Group Stage Eliminated,0,No,59059f1e,,,,,
290,Stephen Eustáquio,MF,Canada,29,1996,4.4,5,3,Knockout,0.681818182,No,577efaec,,,,,
291,Martin Expérience,DFMF,Haiti,27,1999,3,6,4,Group Stage Eliminated,1.333333333,Yes,9edb83f4,,,,,
292,Saeid Ezatolahi,MF,IR Iran,29,1996,2.9,5,7,Group Stage Eliminated,2.413793103,No,314d95ac,,,,,
293,Eberechi Eze,MF,England,27,1998,2.3,0,0,Knockout,0,No,ae4fc6a4,,,,,
294,Fabinho,DFMF,Brazil,32,1993,0.8,1,2,Knockout,2.5,Yes,7f3b388c,,,,,
295,José Fajardo,FW,Panama,32,1993,1.7,2,0,Group Stage Eliminated,0,No,682e47b3,,,,,
296,Odeh Al-Fakhouri,MFFW,Jordan,20,2005,1.6,1,2,Group Stage Eliminated,1.25,No,30591ae5,,,,,
297,Henrik Falchener,DF,Norway,23,2003,0.7,0,1,Knockout,1.428571429,Yes,57fe6b9b,,,,,
298,Marko Farji,MF,Iraq,22,2004,0.6,1,1,Group Stage Eliminated,1.666666667,No,e046cff6,,,,,
299,Christian Fassnacht,FWMF,Switzerland,32,1993,0.1,1,0,Knockout,0,No,0aeeed3f,,,,,
300,Abdul Fatawu Issahaku,FWMF,Ghana,22,2004,1.5,0,0,Knockout,0,No,bceda5ff,,,,,
301,Ahmed Fathy,MF,Qatar,33,1993,1.7,3,3,Group Stage Eliminated,1.764705882,No,f2369793,,,,,
302,Hamdy Fathy,DFMF,Egypt,31,1994,2.6,3,2,Knockout,0.769230769,Yes,c8ef4955,,,,,
303,Ahmed Fatouh,DF,Egypt,28,1998,3,5,4,Knockout,1.333333333,Yes,de13286d,,,,,
304,Abbosbek Fayzullayev,MF,Uzbekistan,22,2003,2.4,6,1,Group Stage Eliminated,0.416666667,No,ef1d36a1,,,,,
305,João Félix,MF,Portugal,26,1999,2.2,4,3,Knockout,1.363636364,No,8aafd64f,,,,,
306,Lewis Ferguson,MF,Scotland,26,1999,3,7,4,Group Stage Eliminated,1.333333333,No,ee64a822,,,,,
307,Bruno Fernandes,MF,Portugal,31,1994,4.7,5,0,Knockout,0,No,507c7bdf,,,,,
308,Enzo Fernández,MF,Argentina,25,2001,7.3,7,6,Knockout,0.821917808,No,5ff4ab71,,,,,
309,Matias Fernandez-Pardo,FWMF,Belgium,21,2005,0.5,1,0,Knockout,0,No,0cdb6a2a,,,,,
310,Álvaro Fidalgo,MF,Mexico,29,1997,1.1,0,1,Knockout,0.909090909,No,c705cdc4,,,,,
311,Sherel Floranus,DF,Curaçao,27,1998,3,6,4,Group Stage Eliminated,1.333333333,Yes,5ad49fbb,,,,,
312,Seko Fofana,MF,Côte d'Ivoire,31,1995,1,0,2,Knockout,2,No,5313ed43,,,,,
313,Yahia Fofana,GK,Côte d'Ivoire,25,2000,4,0,0,Knockout,0,No,9d420dad,,,,,
314,Deveron Fonville,DF,Curaçao,23,2003,2.7,3,5,Group Stage Eliminated,1.851851852,Yes,21932982,,,,,
315,Yassin Fortuné,FWMF,Haiti,27,1999,0.1,0,0,Group Stage Eliminated,0,No,ddcc9e22,,,,,
316,Lyle Foster,FW,South Africa,25,2000,0.6,0,0,Knockout,0,No,f84a807c,,,,,
317,Alan Franco,DF,Ecuador,27,1998,2.8,6,4,Knockout,1.428571429,Yes,c76b161b,,,,,
318,Alex Freeman,DF,USA,21,2004,4.2,6,7,Knockout,1.666666667,Yes,754f150b,,,,,
319,Matt Freese,GK,USA,27,1998,4,0,0,Knockout,0,No,2f49476c,,,,,
320,Remo Freuler,MF,Switzerland,34,1992,6.6,5,8,Knockout,1.212121212,No,98d2c2c4,,,,,
321,Marco Friedl,DF,Austria,28,1998,0.3,0,0,Knockout,0,Yes,f86ad3f5,,,,,
322,Juriën Gaari,DF,Curaçao,32,1993,1.8,2,2,Group Stage Eliminated,1.111111111,Yes,bf7a9d1a,,,,,
323,Jassem Gaber,MF,Qatar,24,2002,1.7,2,0,Group Stage Eliminated,0,No,af9ef8aa,,,,,
324,Cody Gakpo,FW,Netherlands,27,1999,4.1,1,2,Knockout,0.487804878,No,1971591f,,,,,
325,Matías Galarza,MF,Paraguay,24,2002,4.3,11,7,Knockout,1.627906977,No,8e97a57b,,,,,
326,Hernán Galíndez,GK,Ecuador,39,1987,4,0,0,Knockout,0,No,89c136f6,,,,,
327,Jesús Gallardo,DF,Mexico,31,1994,4.1,1,7,Knockout,1.707317073,Yes,d0846b6c,,,,,
328,Ahmed Al-Ganehi,FW,Qatar,25,2000,0.4,1,0,Group Stage Eliminated,0,No,efcf04d2,,,,,
329,Ben Gannon-Doak,MF,Scotland,20,2005,2.1,1,0,Group Stage Eliminated,0,No,733f1a7d,,,,,
330,Eric García,DFMF,Spain,25,2001,0.2,0,1,Knockout,5,Yes,2bed3eab,,,,,
331,Gavi,FW,Spain,21,2004,0.8,2,1,Knockout,1.25,No,19cae58d,,,,,
332,Jason Geria,DF,Australia,33,1993,0.7,1,2,Knockout,2.857142857,Yes,cd494a8d,,,,,
333,Khalid Al Ghannam,MF,Saudi Arabia,25,2000,0,0,0,Group Stage Eliminated,,No,c16843c7,,,,,
334,Ismaël Gharbi,MF,Tunisia,22,2004,1.4,1,1,Group Stage Eliminated,0.714285714,No,5b3cfa12,,,,,
335,Mehdi Ghayedi,FW,IR Iran,27,1998,0.5,0,0,Group Stage Eliminated,0,No,b6c90b4b,,,,,
336,Farés Ghedjemis,FWMF,Algeria,23,2002,0,0,0,Knockout,,No,14aac43e,,,,,
337,Saman Ghoddos,MF,IR Iran,32,1993,2.3,4,5,Group Stage Eliminated,2.173913043,No,f7b1d4e0,,,,,
338,Mohammad Ghorbani,MF,IR Iran,25,2001,1,2,2,Group Stage Eliminated,2,No,4a078e18,,,,,
339,Lee Gi-hyuk,DF,Korea Republic,25,2000,3,4,5,Group Stage Eliminated,1.666666667,Yes,18c8c3c7,,,,,
340,Armin Gigovic,MF,Bosnia-Herz,24,2002,0.9,1,2,Knockout,2.222222222,No,d0a0858e,,,,,
341,Orlando Gill,GK,Paraguay,26,2000,5.3,0,0,Knockout,0,No,0d425331,,,,,
342,Santiago Giménez,FW,Mexico,25,2001,1,0,0,Knockout,0,No,37337aea,,,,,
343,Aníbal Godoy,MF,Panama,36,1990,0,0,0,Group Stage Eliminated,,No,2d496ca3,,,,,
344,Andrés Gómez,MF,Colombia,23,2002,0,0,1,Knockout,,No,76a82373,,,,,
345,Diego Gómez,MF,Paraguay,23,2003,3.4,6,9,Knockout,2.647058824,No,916728da,,,,,
346,Gustavo Gómez,DF,Paraguay,33,1993,5.3,3,2,Knockout,0.377358491,Yes,d5ce52a5,,,,,
347,Armando González,FW,Mexico,23,2003,0.2,0,0,Knockout,0,No,1278bc9a,,,,,
348,Nicolás González,MF,Argentina,28,1998,2.9,3,1,Knockout,0.344827586,No,2374aaca,,,,,
349,Anthony Gordon,MF,England,25,2001,4.4,3,3,Knockout,0.681818182,No,2bd83368,,,,,
350,Leon Goretzka,MF,Germany,31,1995,1.1,1,1,Knockout,0.909090909,No,cc86b9a3,,,,,
351,Kenji Gorré,FWMF,Curaçao,31,1994,0.2,0,0,Group Stage Eliminated,0,No,52d1a4c6,,,,,
352,Keisuke Got?,FW,Japan,21,2005,0.1,1,0,Knockout,0,No,82a2ca86,,,,,
353,Amine Gouiri,FW,Algeria,26,2000,2.8,1,0,Knockout,0,No,aad56ca3,,,,,
354,Ryan Gravenberch,MF,Netherlands,24,2002,3.8,1,6,Knockout,1.578947368,No,b8e740fb,,,,,
355,Michael Gregoritsch,FW,Austria,32,1994,2.1,0,0,Knockout,0,No,8e235926,,,,,
356,Florian Grillitsch,DFMF,Austria,30,1995,1,1,0,Knockout,0,Yes,ffbbc83b,,,,,
357,Pascal Groß,DFMF,Germany,34,1991,0.2,2,0,Knockout,0,Yes,8aec0537,,,,,
358,Gabriel Gudmundsson,MFDF,Sweden,27,1999,3.7,3,5,Knockout,1.351351351,Yes,d5d22a58,,,,,
359,Cho Gue-sung,FW,Korea Republic,28,1998,0.3,0,0,Group Stage Eliminated,0,No,ccfa8e5e,,,,,
360,Marc Guéhi,DF,England,25,2000,7.4,1,6,Knockout,0.810810811,Yes,d0706b27,,,,,
361,Evann Guessand,FWMF,Côte d'Ivoire,24,2001,0.2,0,0,Knockout,0,No,b73f17f8,,,,,
362,Idrissa Gueye,MF,Senegal,36,1989,4,4,2,Knockout,0.5,No,72c812f3,,,,,
363,Pape Gueye,MF,Senegal,27,1999,2.6,1,4,Knockout,1.538461538,No,7155e3e1,,,,,
364,Bruno Guimarães,MF,Brazil,28,1997,4.6,6,2,Knockout,0.434782609,No,82518f62,,,,,
365,Deniz Gül,FW,Türkiye,21,2004,0.4,0,0,Group Stage Eliminated,0,No,f0fb443e,,,,,
366,Arda Güler,MF,Türkiye,21,2005,3,3,2,Group Stage Eliminated,0.666666667,No,3741ca58,,,,,
367,Angus Gunn,GK,Scotland,30,1996,3,1,0,Group Stage Eliminated,0,No,e082af5b,,,,,
368,Malo Gusto,DF,France,23,2003,1.3,3,2,Knockout,1.538461538,Yes,d56b9520,,,,,
369,Brian Gutiérrez,MF,Mexico,22,2003,2.2,1,2,Knockout,0.909090909,No,d88f31db,,,,,
370,Jorge Gutiérrez,DF,Panama,27,1998,1,1,1,Group Stage Eliminated,1,Yes,56f6d192,,,,,
371,Joško Gvardiol,DF,Croatia,24,2002,1.5,2,2,Knockout,1.333333333,Yes,5ad50391,,,,,
372,Viktor Gyökeres,FW,Sweden,28,1998,4,1,0,Knockout,0,No,4d5a9185,,,,,
373,Aziz G?aniyev,MF,Uzbekistan,28,1998,1.4,6,0,Group Stage Eliminated,0,No,0c492054,,,,,
374,Erling Haaland,FW,Norway,25,2000,5.2,0,1,Knockout,0.192307692,No,1f44ac21,,,,,
375,Ihsan Haddad,DF,Jordan,32,1994,2.9,1,2,Group Stage Eliminated,0.689655172,Yes,85660a5d,,,,,
376,Anis Hadj Moussa,MF,Algeria,24,2002,1.1,0,1,Knockout,0.909090909,No,7bc7eef2,,,,,
377,Jaouen Hadjam,DF,Algeria,23,2003,1.2,1,1,Knockout,0.833333333,Yes,576817b7,,,,,
378,Amir Hadžiahmetovi?,MF,Bosnia-Herz,29,1997,0.1,0,0,Knockout,0,No,e8213ed3,,,,,
379,Dennis Hadžikaduni?,DF,Bosnia-Herz,27,1998,0.3,2,0,Knockout,0,Yes,82cfae2a,,,,,
380,Karim Hafez,DF,Egypt,30,1996,1.9,1,3,Knockout,1.578947368,Yes,d2debf23,,,,,
381,Ehsan Hajsafi,DF,IR Iran,36,1990,1,0,1,Group Stage Eliminated,1,Yes,b060e3b8,,,,,
382,Achraf Hakimi,DF,Morocco,27,1998,6.3,10,5,Knockout,0.793650794,Yes,e42d61c7,,,,,
383,Redouane Halhal,DF,Morocco,23,2003,2,1,1,Knockout,0.5,Yes,e17c2cec,,,,,
384,Ali Al Hamadi,FW,Iraq,24,2002,2,2,2,Group Stage Eliminated,1,No,8450467d,,,,,
385,Abdullah Al-Hamdan,FW,Saudi Arabia,26,1999,0.8,0,0,Group Stage Eliminated,0,No,cc4b5436,,,,,
386,Mohamed Amine Ben Hamida,DF,Tunisia,30,1995,2.2,9,1,Group Stage Eliminated,0.454545455,Yes,2a5e8f82,,,,,
387,Odiljon Hamrobekov,MF,Uzbekistan,30,1996,0.9,0,0,Group Stage Eliminated,0,No,03f63e77,,,,,
388,Lee Han-beom,DF,Korea Republic,23,2002,3,2,3,Group Stage Eliminated,1,Yes,071f2dd3,,,,,
389,Grant Hanley,DF,Scotland,34,1991,2,2,1,Group Stage Eliminated,0.5,Yes,e9254eec,,,,,
390,Sontje Hansen,FW,Curaçao,24,2002,0.5,0,0,Group Stage Eliminated,0,No,70bad10b,,,,,
391,Mohamed Hany,DF,Egypt,30,1996,5.3,9,6,Knockout,1.132075472,Yes,9bcf1513,,,,,
392,Moteb Al-Harbi,DF,Saudi Arabia,26,2000,2.1,1,4,Group Stage Eliminated,1.904761905,Yes,1d88554c,,,,,
393,Saleh Hardani,DF,IR Iran,27,1998,1,2,2,Group Stage Eliminated,2,Yes,3a9b682b,,,,,
394,Carlos Harvey,MF,Panama,26,2000,3,3,0,Group Stage Eliminated,0,No,3f18600c,,,,,
395,Akam Hashim,DF,Iraq,27,1998,3,1,2,Group Stage Eliminated,0.666666667,Yes,f8416e89,,,,,
396,Haissem Hassan,MF,Egypt,24,2002,1.4,1,0,Knockout,0,No,e0979e74,,,,,
397,Jalal Hassan,GK,Iraq,35,1991,1.5,0,0,Group Stage Eliminated,0,No,87351c2e,,,,,
398,Abdulaziz Hatem,MF,Qatar,36,1990,0.5,0,0,Group Stage Eliminated,0,No,c5065ef8,,,,,
399,Jorrel Hato,DF,Netherlands,20,2006,0.4,0,0,Knockout,0,Yes,bde35051,,,,,
400,Kai Havertz,FW,Germany,27,1999,3.9,2,1,Knockout,0.256410256,No,fed7cb61,,,,,
401,Hassan Al-Haydos,MF,Qatar,35,1990,0.6,0,0,Group Stage Eliminated,0,No,41bd6c64,,,,,
402,Jan Paul van Hecke,DF,Netherlands,26,2000,4.3,3,4,Knockout,0.930232558,Yes,4fd08daa,,,,,
403,Hwang Hee-chan,FW,Korea Republic,30,1996,1.2,1,0,Group Stage Eliminated,0,No,169fd162,,,,,
404,Torbjørn Heggem,DF,Norway,27,1999,4.9,7,2,Knockout,0.408163265,Yes,834fea76,,,,,
405,Alaa Al Hejji,MF,Saudi Arabia,30,1995,0.4,0,1,Group Stage Eliminated,2.5,No,6d258576,,,,,
406,Dean Henderson,GK,England,29,1997,1,0,1,Knockout,1,No,e5a76dfe,,,,,
407,Jordan Henderson,MF,England,35,1990,0.1,1,0,Knockout,0,No,935e6b8f,,,,,
408,Jack Hendry,DF,Scotland,31,1995,3,2,0,Group Stage Eliminated,0,Yes,ffed43e3,,,,,
409,Luiz Henrique,FWMF,Brazil,25,2001,0.3,0,0,Knockout,0,No,8059806f,,,,,
410,Theo Hernández,DF,France,28,1997,2.9,1,3,Knockout,1.034482759,Yes,d4c9725f,,,,,
411,Lucas Herrington,DF,Australia,18,2007,2.3,1,2,Knockout,0.869565217,Yes,6f808c85,,,,,
412,Son Heung-min,FW,Korea Republic,33,1992,1.9,1,0,Group Stage Eliminated,0,No,92e7e919,,,,,
413,Aaron Hickey,DF,Scotland,24,2002,0.8,0,1,Group Stage Eliminated,1.25,Yes,1780bb4a,,,,,
414,Isak Hien,DF,Sweden,27,1999,2.4,3,1,Knockout,0.416666667,Yes,12806697,,,,,
415,Piero Hincapié,DF,Ecuador,24,2002,3.8,5,4,Knockout,1.052631579,Yes,0c7a48f8,,,,,
416,Adam Hložek,FW,Czechia,23,2002,1.7,1,1,Group Stage Eliminated,0.588235294,No,5521f419,,,,,
417,Tomáš Holeš,DF,Czechia,33,1993,1.7,3,4,Group Stage Eliminated,2.352941176,Yes,e03c2d97,,,,,
418,Amirhossein Hosseinzadeh,FW,IR Iran,25,2000,0.2,2,0,Group Stage Eliminated,0,No,47270f0c,,,,,
419,Robin Hraná?,DF,Czechia,26,2000,3,0,1,Group Stage Eliminated,0.333333333,Yes,95d5aea2,,,,,
420,Ajdin Hrustic,MF,Australia,29,1996,0.9,0,0,Knockout,0,No,1f2d714c,,,,,
421,César Huerta,FWMF,Mexico,25,2000,0.1,0,0,Knockout,0,No,de2f44ce,,,,,
422,Al-Hashmi Al-Hussain,MF,Qatar,22,2003,0.4,2,1,Group Stage Eliminated,2.5,No,c164fda2,,,,,
423,Ayman Hussein,FW,Iraq,30,1996,1.3,0,0,Group Stage Eliminated,0,No,8b574de7,,,,,
424,Oh Hyeon-gyu,FW,Korea Republic,25,2001,1.4,0,0,Group Stage Eliminated,0,No,d25422fb,,,,,
425,Yang Hyun-jun,FWMF,Korea Republic,24,2002,0.2,1,1,Group Stage Eliminated,5,No,f4cda99f,,,,,
426,Roger Ibanez,DF,Brazil,27,1998,0.5,2,1,Knockout,2,Yes,82efe6fa,,,,,
427,Yasser Ibrahim,DF,Egypt,33,1993,5.2,6,3,Knockout,0.576923077,Yes,0b89ad1b,,,,,
428,Borja Iglesias,FW,Spain,33,1993,0,0,0,Knockout,,No,75645f0e,,,,,
429,Hwang In-beom,MF,Korea Republic,29,1996,2.9,2,4,Group Stage Eliminated,1.379310345,No,92fa5d28,,,,,
430,Christ Inao Oulaï,MF,Côte d'Ivoire,20,2006,2.3,4,6,Knockout,2.608695652,No,62709ee4,,,,,
431,Zidane Iqbal,MF,Iraq,23,2003,2.1,2,1,Group Stage Eliminated,0.476190476,No,6fa3c28e,,,,,
432,Nestory Irankunda,FWMF,Australia,20,2006,2.9,0,1,Knockout,0.344827586,No,4ac730b2,,,,,
433,Jackson Irvine,MF,Australia,33,1993,2.5,1,1,Knockout,0.4,No,4637747c,,,,,
434,Alexander Isak,FW,Sweden,26,1999,4,2,0,Knockout,0,No,8e92be30,,,,,
435,Wilson Isidor,FW,Haiti,25,2000,2.1,1,1,Group Stage Eliminated,0.476190476,No,a671316d,,,,,
436,Jamshid Iskanderov,FWMF,Uzbekistan,32,1993,0.1,0,0,Group Stage Eliminated,0,No,3b8abe7c,,,,,
437,Zaid Ismail,MF,Iraq,24,2002,1.3,4,1,Group Stage Eliminated,0.769230769,No,c65effaa,,,,,
438,Ko Itakura,DF,Japan,29,1997,1.4,0,1,Knockout,0.714285714,Yes,97d545ae,,,,,
439,Jacob Italiano,DF,Australia,24,2001,1.8,2,1,Knockout,0.555555556,Yes,2eb0ee9a,,,,,
440,Hiroki Ito,DF,Japan,27,1999,4,2,0,Knockout,0,Yes,204dded0,,,,,
441,Junya It?,MF,Japan,33,1993,2.4,2,1,Knockout,0.416666667,No,dbd3a428,,,,,
442,Cedric Itten,FWMF,Switzerland,29,1996,0.5,0,0,Knockout,0,No,ef233486,,,,,
443,Nicolas Jackson,FW,Senegal,24,2001,2.6,2,1,Knockout,0.384615385,No,9c36ed83,,,,,
444,Lee Jae-sung,FW,Korea Republic,33,1992,1.3,3,2,Group Stage Eliminated,1.538461538,No,34b0387f,,,,,
445,Alireza Jahanbakhsh,FWMF,IR Iran,32,1993,0.5,1,0,Group Stage Eliminated,0,No,08452314,,,,,
446,Ismail Jakobs,DF,Senegal,26,1999,2.4,2,2,Knockout,0.833333333,Yes,a0415710,,,,,
447,Reece James,DF,England,26,1999,3.5,3,3,Knockout,0.857142857,Yes,1265a93a,,,,,
448,Amer Jamous,MF,Jordan,23,2002,0.2,0,0,Group Stage Eliminated,0,No,32d4f1e1,,,,,
449,Luca Jaquez,DF,Switzerland,23,2003,0.9,0,1,Knockout,1.111111111,Yes,a400da8e,,,,,
450,Ardon Jashari,MF,Switzerland,23,2002,0.8,0,0,Knockout,0,No,889588db,,,,,
451,Ali Jasim,MF,Iraq,22,2004,1.4,1,0,Group Stage Eliminated,0,No,1a927a6f,,,,,
452,Danley Jean-Jacques,MF,Haiti,26,2000,2.9,6,3,Group Stage Eliminated,1.034482759,No,59fcbd6d,,,,,
453,Eom Ji-sung,MF,Korea Republic,24,2002,0.5,2,0,Group Stage Eliminated,0,No,3a049da1,,,,,
454,Raúl Jiménez,FW,Mexico,35,1991,3.5,1,0,Knockout,0,No,b561db50,,,,,
455,Kim Jin-gyu,MF,Korea Republic,29,1997,0.6,1,0,Group Stage Eliminated,0,No,7c0479b1,,,,,
456,Park Jinseob,DFMF,Korea Republic,30,1995,0.4,0,0,Group Stage Eliminated,0,Yes,3316967a,,,,,
457,Ruslanbek Jiyanov,FW,Uzbekistan,25,2001,0,1,0,Group Stage Eliminated,,No,3c181746,,,,,
458,Alistair Johnston,DF,Canada,27,1998,5,2,6,Knockout,1.2,Yes,4fb17e20,,,,,
459,Frenkie de Jong,MF,Netherlands,29,1997,3.6,7,8,Knockout,2.222222222,No,1bacc518,,,,,
460,Lenny Joseph,FW,Haiti,25,2000,1.3,0,0,Group Stage Eliminated,0,No,d1828392,,,,,
461,Edmilson Junior,MFFW,Qatar,31,1994,2.3,1,0,Group Stage Eliminated,0,No,620764f4,,,,,
462,Vinicius Júnior,FW,Brazil,25,2000,4.9,1,1,Knockout,0.204081633,No,7111d552,,,,,
463,Elijah Just,MF,New Zealand,26,2000,2.9,3,2,Group Stage Eliminated,0.689655172,No,0c295d6e,,,,,
464,Musab Al Juwayr,MFFW,Saudi Arabia,22,2003,1.7,3,1,Group Stage Eliminated,0.588235294,No,62592fc1,,,,,
465,Ayoub El Kaabi,FW,Morocco,32,1993,0.8,2,0,Knockout,0,No,b1bfd1d4,,,,,
466,Ozan Kabak,DF,Türkiye,26,2000,1,2,0,Group Stage Eliminated,0,Yes,2d61d13a,,,,,
467,Ferdi Kadioglu,DF,Türkiye,26,1999,1.8,2,1,Group Stage Eliminated,0.555555556,Yes,66c52a77,,,,,
468,Kaku,MF,Paraguay,31,1995,0.1,0,0,Knockout,0,No,cb01ad74,,,,,
469,Saša Kalajdži?,FW,Austria,28,1997,0.9,0,0,Knockout,0,No,15f24fe7,,,,,
470,Gédéon Kalulu,DF,Congo DR,28,1997,0.1,0,0,Knockout,0,Yes,dd211559,,,,,
471,Daichi Kamada,MF,Japan,29,1996,3.7,3,1,Knockout,0.27027027,No,15b287da,,,,,
472,Hossein Kanaanizadegan,DF,IR Iran,32,1994,1.5,0,2,Group Stage Eliminated,1.333333333,Yes,24353c25,,,,,
473,Harry Kane,FW,England,32,1993,7.2,3,1,Knockout,0.138888889,No,21a66f6a,,,,,
474,Lee Kang-in,FW,Korea Republic,25,2001,3,0,0,Group Stage Eliminated,0,No,8455ad90,,,,,
475,Mohamed Kanno,MF,Saudi Arabia,31,1994,2.5,4,2,Group Stage Eliminated,0.8,No,74ccf212,,,,,
476,Steve Kapuadi,DF,Congo DR,28,1998,2,1,1,Knockout,0.5,Yes,3f3c941a,,,,,
477,Bekhruz Karimov,DF,Uzbekistan,18,2007,2,5,3,Group Stage Eliminated,1.5,Yes,74cdaeba,,,,,
478,Jesper Karlström,MF,Sweden,30,1995,1.5,3,1,Knockout,0.666666667,No,e0a1f4eb,,,,,
479,Gervane Kastaneer,FWMF,Curaçao,30,1996,0.3,0,0,Group Stage Eliminated,0,No,0c142e14,,,,,
480,Nikola Kati?,DF,Bosnia-Herz,29,1996,3.5,6,5,Knockout,1.428571429,Yes,35bd124a,,,,,
481,Edo Kayembe,MF,Congo DR,28,1998,1.8,1,0,Knockout,0,No,f99b71de,,,,,
482,Joris Kayembe,DFFW,Congo DR,31,1994,0.5,4,4,Knockout,8,Yes,4657faba,,,,,
483,Franck Kessié,MF,Côte d'Ivoire,29,1996,3.8,4,0,Knockout,0,No,05e19d6a,,,,,
484,Abdullah Al-Khaibari,MF,Saudi Arabia,29,1996,2,1,1,Group Stage Eliminated,0.5,No,ab47ae1c,,,,,
485,Shoja' Khalilzadeh,DF,IR Iran,37,1989,3,3,3,Group Stage Eliminated,1,Yes,0aed29f1,,,,,
486,Dostonbek Khamdamov,MF,Uzbekistan,29,1996,1.1,4,2,Group Stage Eliminated,1.818181818,No,d2dd2ffb,,,,,
487,Bilal El Khannouss,MFFW,Morocco,22,2004,5.1,7,1,Knockout,0.196078431,No,f7042636,,,,,
488,Rani Khedira,MF,Tunisia,32,1994,1.7,1,2,Group Stage Eliminated,1.176470588,No,59e4b92e,,,,,
489,Boualem Khoukhi,DF,Qatar,35,1990,3,3,3,Group Stage Eliminated,1,Yes,7be5ad52,,,,,
490,Abdukodir Khusanov,DF,Uzbekistan,22,2004,3,3,5,Group Stage Eliminated,1.666666667,Yes,d17ce930,,,,,
491,Joshua Kimmich,DF,Germany,31,1995,3.9,4,4,Knockout,1.025641026,Yes,49296448,,,,,
492,Justin Kluivert,FWMF,Netherlands,27,1999,0.3,0,0,Knockout,0,No,4c3a6744,,,,,
493,Gregor Kobel,GK,Switzerland,28,1997,6.7,0,0,Knockout,0,No,cd59b9df,,,,,
494,Orkun Kökçü,MF,Türkiye,25,2000,1.7,1,0,Group Stage Eliminated,0,No,9bf914b4,,,,,
495,Sead Kolašinac,DF,Bosnia-Herz,32,1993,3.7,6,2,Knockout,0.540540541,Yes,3935e52e,,,,,
496,Ghislain Konan,DF,Côte d'Ivoire,30,1995,3,3,0,Knockout,0,Yes,6b2c894b,,,,,
497,Ibrahima Konaté,DF,France,27,1999,0.7,0,3,Knockout,4.285714286,Yes,5ed9b537,,,,,
498,Ismaël Koné,MF,Canada,23,2002,1.6,2,3,Knockout,1.875,No,e0220b70,,,,,
499,Manu Koné,MF,France,25,2001,4.3,5,3,Knockout,0.697674419,No,86574238,,,,,
500,Ezri Konsa,DF,England,28,1997,7.2,5,8,Knockout,1.111111111,Yes,0313a347,,,,,
501,Teun Koopmeiners,DFMF,Netherlands,28,1998,1.4,1,1,Knockout,0.714285714,Yes,a26fb8aa,,,,,
502,Odilon Kossounou,DF,Côte d'Ivoire,25,2001,3,3,3,Knockout,1,Yes,1f3afdcb,,,,,
503,Kalidou Koulibaly,DF,Senegal,34,1991,1.8,1,2,Knockout,1.111111111,Yes,da974c7b,,,,,
504,Jules Koundé,DF,France,27,1998,6.7,8,3,Knockout,0.447761194,Yes,4d1666ff,,,,,
505,Mateo Kova?i?,MF,Croatia,32,1994,3,3,2,Knockout,0.666666667,No,79c0821a,,,,,
506,Matej Kovar,GK,Czechia,26,2000,3,0,0,Group Stage Eliminated,0,No,bc67a0e1,,,,,
507,Andrej Kramari?,FWMF,Croatia,34,1991,0.7,1,0,Knockout,0,No,603cb947,,,,,
508,Ladislav Krej?í,DF,Czechia,27,1999,3,3,1,Group Stage Eliminated,0.333333333,Yes,5b5c2228,,,,,
509,Takefusa Kubo,MF,Japan,25,2001,0.8,0,1,Knockout,1.25,No,16aa3654,,,,,
510,Brandley Kuwas,FWMF,Curaçao,33,1992,0,0,0,Group Stage Eliminated,,No,42c94967,,,,,
511,Prince Kwabena Adu,FW,Ghana,22,2003,0.4,0,0,Knockout,0,No,36bdd145,,,,,
512,Maxence Lacroix,DF,France,26,2000,2.7,2,3,Knockout,1.111111111,Yes,277c49ed,,,,,
513,Gustaf Lagerbielke,DF,Sweden,26,2000,4,5,5,Knockout,1.25,Yes,9e39fa2d,,,,,
514,Konrad Laimer,MFDF,Austria,29,1997,4,6,2,Knockout,0.5,Yes,c1b7847c,,,,,
515,Ali Lajami,DF,Saudi Arabia,30,1996,1.7,2,3,Group Stage Eliminated,1.764705882,Yes,46f7ab4f,,,,,
516,Senne Lammens,GK,Belgium,23,2002,0.2,0,0,Knockout,0,No,8e6d2fcd,,,,,
517,Noa Lang,FWMF,Netherlands,26,1999,0.1,0,0,Knockout,0,No,8e034340,,,,,
518,Sondre Langås,DF,Norway,25,2001,0.3,0,0,Knockout,0,Yes,107e4890,,,,,
519,Aymeric Laporte,DF,Spain,32,1994,8.1,3,14,Knockout,1.728395062,Yes,119b9a8e,,,,,
520,Cyle Larin,FW,Canada,31,1995,2.1,0,0,Knockout,0,No,e7af9060,,,,,
521,Richie Laryea,DF,Canada,31,1995,4.8,9,2,Knockout,0.416666667,Yes,276fdbe4,,,,,
522,Mohanad Lasheen,MF,Egypt,30,1996,4,11,8,Knockout,2,No,8c041c7d,,,,,
523,Issa Laye,MFDF,Qatar,28,1997,3,1,1,Group Stage Eliminated,0.333333333,Yes,c078667a,,,,,
524,Rafael Leão,MF,Portugal,27,1999,1.8,0,2,Knockout,1.111111111,No,20730eae,,,,,
525,Mathew Leckie,MF,Australia,35,1991,0.7,0,0,Knockout,0,No,b93b7882,,,,,
526,Jefferson Lerma,MF,Colombia,31,1994,4.6,1,5,Knockout,1.086956522,No,9b5ce51a,,,,,
527,Jamie Leweling,FWMF,Germany,25,2001,0.3,0,0,Knockout,0,No,13fe7b69,,,,,
528,Philipp Lienhart,DF,Austria,29,1996,2,1,1,Knockout,0.5,Yes,302527b2,,,,,
529,Victor Lindelöf,DFMF,Sweden,31,1994,4,1,4,Knockout,1,Yes,f5deef4c,,,,,
530,Erik Lira,MF,Mexico,26,2000,3.8,3,2,Knockout,0.526315789,No,7b2c24ed,,,,,
531,Dominik Livakovi?,GK,Croatia,31,1995,4,0,0,Knockout,0,No,58f077c0,,,,,
532,Dailon Livramento,FW,Cabo Verde,25,2001,1.9,0,0,Knockout,0,No,c115db1e,,,,,
533,Marcos Llorente,DF,Spain,31,1995,2.1,6,1,Knockout,0.476190476,Yes,02c15616,,,,,
534,Giovani Lo Celso,MF,Argentina,30,1996,0.7,0,1,Knockout,1.428571429,No,d7553721,,,,,
535,Jürgen Locadia,FW,Curaçao,32,1993,2.6,0,1,Group Stage Eliminated,0.384615385,No,6cc47ae1,,,,,
536,Azarías Londoño,MF,Panama,24,2001,0.6,0,1,Group Stage Eliminated,1.666666667,No,31d68775,,,,,
537,Sidny Lopes Cabral,DF,Cabo Verde,23,2002,3.2,2,4,Knockout,1.25,Yes,20700569,,,,,
538,Flaco López,FW,Argentina,25,2000,0.2,1,0,Knockout,0,No,e1426a52,,,,,
539,Derrick Luckassen,DF,Ghana,30,1995,2,1,0,Knockout,0,Yes,30a09cb5,,,,,
540,Jhon Lucumí,DF,Colombia,27,1998,5.3,2,5,Knockout,0.943396226,Yes,80490d7f,,,,,
541,José Luis Rodríguez,MFFW,Panama,27,1998,2.6,3,0,Group Stage Eliminated,0,No,b333b014,,,,,
542,Romelu Lukaku,FW,Belgium,33,1993,2.6,0,0,Knockout,0,No,5eae500a,,,,,
543,Dodi Lukebakio,MF,Belgium,28,1997,1.8,1,0,Knockout,0,No,0c61c77c,,,,,
544,Jovo Luki?,FW,Bosnia-Herz,27,1998,0.7,1,0,Knockout,0,No,a2056e82,,,,,
545,Awer Mabil,FWMF,Australia,30,1995,0.3,0,0,Knockout,0,No,922da988,,,,,
546,Alexis Mac Allister,MF,Argentina,27,1998,8.3,12,9,Knockout,1.084337349,No,83d074ff,,,,,
547,Deiver Machado,DF,Colombia,32,1993,1,0,2,Knockout,2,Yes,b3f8bdef,,,,,
548,Shuto Machino,FW,Japan,26,1999,0.1,0,0,Knockout,0,No,964dde35,,,,,
549,Assim Madibo,MF,Qatar,29,1996,1.5,1,4,Group Stage Eliminated,2.666666667,No,2b1d2ada,,,,,
550,Noni Madueke,MF,England,24,2002,3.2,4,2,Knockout,0.625,No,bf34eebd,,,,,
551,Daizen Maeda,MF,Japan,28,1997,2.7,3,2,Knockout,0.740740741,No,395451fc,,,,,
552,Gabriel Magalhães,DF,Brazil,28,1997,5,2,4,Knockout,0.8,Yes,67ac5bb8,,,,,
553,Ermin Mahmi?,MF,Bosnia-Herz,21,2005,0.8,1,0,Knockout,0,No,86e34165,,,,,
554,Hadj Mahmoud,MF,Tunisia,26,2000,0.5,2,0,Group Stage Eliminated,0,No,081048c2,,,,,
555,Riyad Mahrez,MF,Algeria,35,1991,2.9,2,1,Knockout,0.344827586,No,892d5bb1,,,,,
556,Alexandro Maidana,DF,Paraguay,20,2005,0.6,0,1,Knockout,1.666666667,Yes,4d0d5020,,,,,
557,Mike Maignan,GK,France,30,1995,8,0,0,Knockout,0,No,fcb38f57,,,,,
558,Evidence Makgopa,FW,South Africa,26,2000,2.4,1,1,Knockout,0.416666667,No,4d76d03b,,,,,
559,Ahmed Maknzi,DF,Iraq,24,2001,0.4,2,0,Group Stage Eliminated,0,Yes,f95ac2b6,,,,,
560,Donyell Malen,FW,Netherlands,27,1999,2.1,0,0,Knockout,0,No,116c35df,,,,,
561,Arjan Malic,DF,Bosnia-Herz,20,2005,0.5,0,0,Knockout,0,Yes,de57cd45,,,,,
562,Mohamed Manai,DF,Qatar,23,2002,0.8,0,2,Group Stage Eliminated,2.5,Yes,1e20b706,,,,,
563,Aïssa Mandi,DF,Algeria,34,1991,4,3,4,Knockout,1,Yes,fbd6378b,,,,,
564,Sadio Mané,MFFW,Senegal,34,1992,4,2,3,Knockout,0.75,No,c691bfe2,,,,,
565,Juan Manuel Sanabria,DF,Uruguay,26,2000,2.3,4,1,Group Stage Eliminated,0.434782609,Yes,f1d74479,,,,,
566,Johan Manzambi,MFFW,Switzerland,20,2005,2.2,0,0,Knockout,0,No,8fcf0e12,,,,,
567,Mahmoud Al-Mardi,MF,Jordan,32,1993,1.4,1,0,Group Stage Eliminated,0,No,1eedc1ea,,,,,
568,Jearl Margaritha,FWMF,Curaçao,26,2000,0.5,0,0,Group Stage Eliminated,0,No,be915a68,,,,,
569,Omar Marmoush,FWMF,Egypt,27,1999,3.6,3,2,Knockout,0.555555556,No,0e0102eb,,,,,
570,Marquinhos,DF,Brazil,32,1994,5,2,3,Knockout,0.6,Yes,d5f2f82b,,,,,
571,Gabriel Martinelli,MF,Brazil,24,2001,1.6,0,2,Knockout,1.25,No,48a5a5d6,,,,,
572,Guillermo Martínez Ayala,FW,Mexico,31,1995,0.8,0,0,Knockout,0,No,59146354,,,,,
573,Cristian Martínez,MFFW,Panama,29,1997,2.7,4,1,Group Stage Eliminated,0.37037037,No,fdb15495,,,,,
574,Emiliano Martínez,GK,Argentina,33,1992,9,0,0,Knockout,0,No,7956236f,,,,,
575,Lautaro Martínez,FW,Argentina,28,1997,3.4,1,1,Knockout,0.294117647,No,f7036e1c,,,,,
576,Lisandro Martínez,DF,Argentina,28,1998,6.9,7,6,Knockout,0.869565217,Yes,bac46a10,,,,,
577,Thapelo Maseko,MFFW,South Africa,22,2003,2.7,1,2,Knockout,0.740740741,No,498d45f7,,,,,
578,Hazem Mastouri,FW,Tunisia,28,1997,1,0,1,Group Stage Eliminated,1,No,c88f913e,,,,,
579,Arthur Masuaku,DF,Congo DR,32,1993,3.5,5,0,Knockout,0,Yes,57df7a11,,,,,
580,Igor Matanovi?,FW,Croatia,23,2003,1.1,0,0,Knockout,0,No,948e1292,,,,,
581,Pape Matar Sarr,MF,Senegal,23,2002,0.7,0,1,Knockout,1.428571429,No,feb5d972,,,,,
582,Jean-Philippe Mateta,FW,France,28,1997,0.3,0,0,Knockout,0,No,50e6dc35,,,,,
583,Mauricio,MF,Paraguay,25,2001,1.9,6,1,Knockout,0.526315789,No,bf4cbc22,,,,,
584,Fiston Mayele,FW,Congo DR,31,1994,0.5,0,0,Knockout,0,No,0d113a00,,,,,
585,Ibrahim Maza,MFFW,Algeria,20,2005,3.9,2,0,Knockout,0,No,89b3bc5e,,,,,
586,Noussair Mazraoui,DF,Morocco,28,1997,5.3,8,2,Knockout,0.377358491,Yes,b74277a0,,,,,
587,Kylian Mbappé,FW,France,27,1998,7.7,1,0,Knockout,0,No,42fd9c7f,,,,,
588,Thalente Mbatha,MF,South Africa,26,2000,2.9,2,5,Knockout,1.724137931,No,f6272be9,,,,,
589,Ibrahim Mbaye,MF,Senegal,18,2008,1.7,0,1,Knockout,0.588235294,No,201b4ee4,,,,,
590,Chancel Mbemba,DF,Congo DR,31,1994,4,3,1,Knockout,0.25,Yes,e76cb9cc,,,,,
591,Mbekezeli Mbokazi,DF,South Africa,20,2005,4,5,4,Knockout,1,Yes,13398d42,,,,,
592,Nathanaël Mbuku,MFFW,Congo DR,24,2002,1.6,3,0,Knockout,0,No,46750e9c,,,,,
593,Callum McCowatt,MF,New Zealand,27,1999,1.8,1,1,Group Stage Eliminated,0.555555556,No,3fc42049,,,,,
594,John McGinn,MF,Scotland,31,1994,2.9,0,0,Group Stage Eliminated,0,No,90f91999,,,,,
595,Scott McKenna,DF,Scotland,29,1996,1,0,0,Group Stage Eliminated,0,Yes,4e5a4cbc,,,,,
596,Weston McKennie,MF,USA,27,1998,4.9,7,7,Knockout,1.428571429,No,01c3aff5,,,,,
597,Mark McKenzie,DF,USA,27,1999,1,1,1,Knockout,1,Yes,a5f5d094,,,,,
598,Kenny McLean,MF,Scotland,34,1992,1.3,1,2,Group Stage Eliminated,1.538461538,No,471f16b3,,,,,
599,Scott McTominay,MF,Scotland,29,1996,3,2,0,Group Stage Eliminated,0,No,d93c2511,,,,,
600,Brandon Mechele,DF,Belgium,33,1993,6.3,4,4,Knockout,0.634920635,Yes,0a6dbbf7,,,,,
601,Facundo Medina,DF,Argentina,27,1999,3.4,7,2,Knockout,0.588235294,Yes,6f5ec8bb,,,,,
602,Yaimar Medina,DFMF,Ecuador,21,2004,0.5,0,1,Knockout,2,Yes,1fe8ecf7,,,,,
603,Hannibal Mejbri,MF,Tunisia,23,2003,3,4,1,Group Stage Eliminated,0.333333333,No,ca22ccb0,,,,,
604,Amar Memi?,MF,Bosnia-Herz,25,2001,2.5,2,2,Knockout,0.8,No,918c187c,,,,,
605,Memphis,FWMF,Netherlands,32,1994,0.6,0,0,Knockout,0,No,8f696594,,,,,
606,Sultan Mendash,MF,Saudi Arabia,31,1994,0.7,3,0,Group Stage Eliminated,0,No,8738a7a1,,,,,
607,Lucas Mendes,DF,Qatar,35,1990,0,0,0,Group Stage Eliminated,,No,5169f27f,,,,,
608,Nuno Mendes,DF,Portugal,23,2002,4.4,6,0,Knockout,0,Yes,f20e4cc9,,,,,
609,Ryan Mendes,FWMF,Cabo Verde,36,1990,3.7,2,5,Knockout,1.351351351,No,ba6e01ab,,,,,
610,Édouard Mendy,GK,Senegal,34,1992,1.7,0,0,Knockout,0,No,33887998,,,,,
611,Gideon Mensah,DF,Ghana,27,1998,4,5,8,Knockout,2,Yes,9bdd8118,,,,,
612,Mikel Merino,MF,Spain,29,1996,2.2,2,3,Knockout,1.363636364,No,d080ed5e,,,,,
613,Lionel Messi,FW,Argentina,38,1987,8.2,10,0,Knockout,0,No,d70ce98e,,,,,
614,Connor Metcalfe,MF,Australia,26,1999,3.5,5,2,Knockout,0.571428571,No,73ce4d7d,,,,,
615,Thomas Meunier,DF,Belgium,34,1991,2.1,2,2,Knockout,0.952380952,Yes,e162b013,,,,,
616,Liam Millar,MF,Canada,26,1999,1.8,4,0,Knockout,0,No,983515f8,,,,,
617,Kim Min-jae,DF,Korea Republic,29,1996,2.7,2,2,Group Stage Eliminated,0.740740741,Yes,e0f8151c,,,,,
618,Yerry Mina,DF,Colombia,31,1994,0,0,0,Knockout,,No,6d5701f2,,,,,
619,Alan Minda,MF,Ecuador,23,2003,0.6,0,1,Knockout,1.666666667,No,9cfd5b00,,,,,
620,Aubrey Modiba,DF,South Africa,30,1995,3.8,5,4,Knockout,1.052631579,Yes,bb1f97f2,,,,,
621,Luka Modri?,MF,Croatia,40,1985,3.5,3,0,Knockout,0,No,6025fab1,,,,,
622,Relebohile Mofokeng,MF,South Africa,21,2004,1.9,2,0,Knockout,0,No,25c3fb97,,,,,
623,Shahriar Moghanlou,FW,IR Iran,31,1994,1,2,0,Group Stage Eliminated,0,No,92f69be8,,,,,
624,Milad Mohammadi,DF,IR Iran,32,1993,2.3,4,2,Group Stage Eliminated,0.869565217,Yes,740a0e28,,,,,
625,Mohammad Mohebi,MF,IR Iran,27,1998,2.7,1,1,Group Stage Eliminated,0.37037037,No,7b6b53c3,,,,,
626,Johan Mojica,DF,Colombia,33,1992,4.3,3,3,Knockout,0.697674419,Yes,608f2092,,,,,
627,Teboho Mokoena,MF,South Africa,29,1997,3,3,5,Knockout,1.666666667,No,00029b1e,,,,,
628,Nahuel Molina,DF,Argentina,28,1998,5.9,3,8,Knockout,1.355932203,Yes,23610943,,,,,
629,Jamiro Monteiro,MF,Cabo Verde,32,1993,3.1,4,4,Knockout,1.290322581,No,d384bddd,,,,,
630,César Montes,DF,Mexico,29,1997,3.5,1,2,Knockout,0.571428571,Yes,28e957d7,,,,,
631,Gonzalo Montiel,DF,Argentina,29,1997,2.1,3,3,Knockout,1.428571429,Yes,374d5158,,,,,
632,Kim Moon-hwan,MF,Korea Republic,30,1995,0.8,1,1,Group Stage Eliminated,1.25,No,6bce7dd8,,,,,
633,Gilberto Mora,MF,Mexico,17,2008,2.4,2,2,Knockout,0.833333333,No,69c9ffe8,,,,,
634,Diego Moreira,MF,Belgium,21,2004,0.6,1,1,Knockout,1.666666667,No,12de1b0d,,,,,
635,Steven Moreira,DF,Cabo Verde,31,1994,3.3,3,2,Knockout,0.606060606,Yes,f10983ae,,,,,
636,Tshepang Moremi,MF,South Africa,25,2000,0.4,1,0,Knockout,0,No,546d38f9,,,,,
637,Orlando Mosquera,GK,Panama,31,1994,3,0,0,Group Stage Eliminated,0,No,ea34d827,,,,,
638,Samir El Mourabet,MF,Morocco,20,2005,0.9,1,1,Knockout,1.111111111,No,1a03d055,,,,,
639,Samuel Moutoussamy,MF,Congo DR,29,1996,3.7,8,1,Knockout,0.27027027,No,af0c835b,,,,,
640,Akmal Mozgovoy,MF,Uzbekistan,27,1999,2.4,0,2,Group Stage Eliminated,0.833333333,No,114cb95b,,,,,
641,Lionel Mpasi,GK,Congo DR,31,1994,4,0,0,Knockout,0,No,5c6b0637,,,,,
642,Khuliso Mudau,DF,South Africa,31,1995,4,8,11,Knockout,2.75,Yes,75388f92,,,,,
643,Tarik Muharemovic,DF,Bosnia-Herz,23,2003,2.9,1,8,Knockout,2.75862069,Yes,426dda23,,,,,
644,Miro Muheim,DFMF,Switzerland,28,1998,1,1,2,Knockout,2,Yes,844c6a91,,,,,
645,Ngal'Ayel Mukau,MF,Congo DR,21,2004,2.2,2,3,Knockout,1.363636364,No,bb461b8a,,,,,
646,Mert Müldür,DF,Türkiye,27,1999,1.1,2,1,Group Stage Eliminated,0.909090909,Yes,1295552e,,,,,
647,Daniel Muñoz,DF,Colombia,30,1996,4.4,3,7,Knockout,1.590909091,Yes,778ef829,,,,,
648,Petar Musa,FW,Croatia,28,1998,1.2,0,0,Knockout,0,No,4567a0b4,,,,,
649,Jamal Musiala,MF,Germany,23,2003,3,5,1,Knockout,0.333333333,No,2c0558b8,,,,,
650,Fernando Muslera,GK,Uruguay,39,1986,2.5,0,0,Group Stage Eliminated,0,No,a2abe631,,,,,
651,Phillipp Mwene,DF,Austria,32,1994,1.6,0,3,Knockout,1.875,Yes,2ff76adc,,,,,
652,David Møller Wolfe,DF,Norway,24,2002,4.8,3,3,Knockout,0.625,Yes,9affc5f2,,,,,
653,Y?to Nagatomo,DFMF,Japan,39,1986,0.2,0,1,Knockout,5,Yes,4b6960d2,,,,,
654,Keito Nakamura,MF,Japan,25,2000,3.4,3,1,Knockout,0.294117647,No,d97af612,,,,,
655,Abdallah Nasib,DF,Jordan,32,1994,2.9,3,7,Group Stage Eliminated,2.413793103,Yes,aaab3072,,,,,
656,Sherzod Nasrullaev,DFMF,Uzbekistan,27,1998,2,2,2,Group Stage Eliminated,1,Yes,aeb0c7f7,,,,,
657,Duckens Nazon,FWMF,Haiti,32,1994,0.3,0,0,Group Stage Eliminated,0,No,20e87a42,,,,,
658,Iliman Ndiaye,FW,Senegal,26,2000,1.3,0,2,Knockout,1.538461538,No,5ed97752,,,,,
659,Dan Ndoye,MFFW,Switzerland,25,2000,4.5,5,4,Knockout,0.888888889,No,8e697a8f,,,,,
660,Jayden Nelson,FWMF,Canada,23,2002,0,0,0,Knockout,,No,92305a81,,,,,
661,Ali Nemati,DF,IR Iran,30,1996,3,2,0,Group Stage Eliminated,0,Yes,19a221f7,,,,,
662,Abduvohid Nematov,GK,Uzbekistan,25,2001,2,0,0,Group Stage Eliminated,0,No,25e45f2a,,,,,
663,Pedro Neto,MF,Portugal,26,2000,3.9,2,0,Knockout,0,No,7ba2eaa9,,,,,
664,Manuel Neuer,GK,Germany,40,1986,4.3,0,0,Knockout,0,No,8778c910,,,,,
665,João Neves,MF,Portugal,21,2004,4.3,7,4,Knockout,0.930232558,No,c2a15a27,,,,,
666,Rúben Neves,MF,Portugal,29,1997,0.6,0,0,Knockout,0,No,44bfb6c5,,,,,
667,Neymar,FWMF,Brazil,34,1992,0.4,0,0,Knockout,0,No,69384e5d,,,,,
668,Nathan Ngoy,DF,Belgium,23,2003,3.7,4,7,Knockout,1.891891892,Yes,eb7abf2e,,,,,
669,Moussa Niakhaté,DF,Senegal,30,1996,4.3,1,4,Knockout,0.930232558,Yes,00242715,,,,,
670,Gustaf Nilsson,FW,Sweden,29,1997,0,0,0,Knockout,,No,a7d48b00,,,,,
671,Felix Nmecha,MF,Germany,25,2000,3,9,2,Knockout,0.666666667,No,091c86e2,,,,,
672,Kristoffer Nordfeldt,GK,Sweden,36,1989,2,0,0,Knockout,0,No,78549904,,,,,
673,Tyrese Noslin,MF,Curaçao,23,2002,0.2,0,0,Group Stage Eliminated,0,No,c3709bd2,,,,,
674,Ernest Nuamah,MF,Ghana,22,2003,1,1,0,Knockout,0,No,234a703c,,,,,
675,Matheus Nunes,DFMF,Portugal,27,1998,0,0,0,Knockout,,No,e6af02e0,,,,,
676,Darwin Núñez,FW,Uruguay,26,1999,1.7,1,2,Group Stage Eliminated,1.176470588,No,4d77b365,,,,,
677,Antonio Nusa,FW,Norway,21,2005,3.5,2,2,Knockout,0.571428571,No,4ab12002,,,,,
678,Benjamin Nygren,MF,Sweden,24,2001,1.4,0,0,Knockout,0,No,d6ebf67f,,,,,
679,Ørjan Nyland,GK,Norway,35,1990,5.3,0,1,Knockout,0.188679245,No,bdedffac,,,,,
680,Aiden O'Neill,MF,Australia,27,1998,4,2,2,Knockout,0.5,No,c7aee75b,,,,,
681,Nico O'Reilly,DF,England,21,2005,5.1,3,5,Knockout,0.980392157,Yes,91ca4a16,,,,,
682,Salim Obaid,DF,Jordan,34,1992,0.2,2,0,Group Stage Eliminated,0,Yes,f494bf5f,,,,,
683,Armando Obispo,DF,Curaçao,27,1999,3,1,7,Group Stage Eliminated,2.333333333,Yes,2ffa6348,,,,,
684,Guillermo Ochoa,GK,Mexico,40,1985,0.1,0,0,Knockout,0,No,1e9bde92,,,,,
685,K?ki Ogawa,FW,Japan,28,1997,0.5,0,0,Knockout,0,No,3d2e8955,,,,,
686,Braian Ojeda,MF,Paraguay,25,2000,0.2,0,0,Knockout,0,No,60953af0,,,,,
687,Noah Okafor,FWMF,Switzerland,26,2000,0.2,1,0,Knockout,0,No,ca607d59,,,,,
688,Ime Okon,DF,South Africa,22,2004,4,2,5,Knockout,1.25,Yes,3cb58055,,,,,
689,Paul Okon-Engstler,MF,Australia,21,2005,2.2,2,5,Knockout,2.272727273,No,ecd6464a,,,,,
690,Ben Old,MF,New Zealand,23,2002,1,0,1,Group Stage Eliminated,1,No,e14e818c,,,,,
691,Michael Olise,MF,France,24,2001,7.2,8,3,Knockout,0.416666667,No,c4486bac,,,,,
692,Mathías Olivera,DF,Uruguay,28,1997,3,4,2,Group Stage Eliminated,0.666666667,Yes,41c12f75,,,,,
693,Dani Olmo,MF,Spain,28,1998,5.5,5,1,Knockout,0.181818182,No,ae44e8e2,,,,,
694,Tani Oluwaseyi,FW,Canada,26,2000,2.9,3,0,Knockout,0,No,950ef017,,,,,
695,Ali Olwan,MF,Jordan,26,2000,3,0,1,Group Stage Eliminated,0.333333333,No,33c1d68d,,,,,
696,Amadou Onana,MF,Belgium,24,2001,1.2,2,2,Knockout,1.666666667,No,828657ff,,,,,
697,Christopher Opéri,DF,Côte d'Ivoire,29,1997,1,2,1,Knockout,1,Yes,914bb955,,,,,
698,Jerome Opoku,DF,Ghana,27,1998,3,2,1,Knockout,0.333333333,Yes,091d6ee5,,,,,
699,Joel Ordóñez,DF,Ecuador,22,2004,2.5,5,1,Knockout,0.4,Yes,2990a15c,,,,,
700,Jonathan Osorio,MF,Canada,34,1992,0.1,0,1,Knockout,10,No,70106ff6,,,,,
701,Nicolás Otamendi,DF,Argentina,38,1988,2.7,2,6,Knockout,2.222222222,Yes,0d267745,,,,,
702,Zakaria El Ouahdi,DFMF,Morocco,24,2001,0.2,0,0,Knockout,0,Yes,a3d79d3c,,,,,
703,Ayoub Al-Oui,DF,Qatar,21,2005,1.7,0,2,Group Stage Eliminated,1.176470588,Yes,010e5bae,,,,,
704,Azzedine Ounahi,MF,Morocco,26,2000,4.8,1,1,Knockout,0.208333333,No,83299cc0,,,,,
705,Mohammed Al-Owais,GK,Saudi Arabia,34,1991,3,0,0,Group Stage Eliminated,0,No,f2c060c6,,,,,
706,Elisha Owusu,MF,Ghana,28,1997,1.7,3,0,Knockout,0,No,e2781082,,,,,
707,Mikel Oyarzabal,FW,Spain,29,1997,6.7,5,1,Knockout,0.149253731,No,8c3c640c,,,,,
708,Salih Özcan,MF,Türkiye,28,1998,1.1,1,4,Group Stage Eliminated,3.636363636,No,15413fa5,,,,,
709,Willian Pacho,DF,Ecuador,24,2001,4,2,8,Knockout,2,Yes,ecbe2839,,,,,
710,Kendry Páez,MF,Ecuador,19,2007,0.1,0,0,Knockout,0,No,f3bb9f59,,,,,
711,Exequiel Palacios,DF,Argentina,27,1998,1,0,5,Knockout,5,Yes,e82adcab,,,,,
712,Lucas Paquetá,MF,Brazil,28,1997,2.6,4,5,Knockout,1.923076923,No,9b6f7fd5,,,,,
713,Leandro Paredes,MF,Argentina,31,1994,5.3,6,5,Knockout,0.943396226,No,dff153a4,,,,,
714,Thomas Partey,MF,Ghana,33,1993,3,4,6,Knockout,2,No,529f49ab,,,,,
715,Marco Pašali?,MF,Croatia,25,2000,1.1,2,1,Knockout,0.909090909,No,1866b0f1,,,,,
716,Mario Pašali?,MF,Croatia,31,1995,1.4,1,1,Knockout,0.714285714,No,e599253a,,,,,
717,Nathan Patterson,DF,Scotland,24,2001,2.1,2,3,Group Stage Eliminated,1.428571429,Yes,230f0471,,,,,
718,João Paulo Fernandes,DF,Cabo Verde,28,1998,1.2,1,6,Knockout,5,Yes,afcac9da,,,,,
719,Aleksandar Pavlovic,MF,Germany,22,2004,3,3,2,Knockout,0.666666667,No,2658c82f,,,,,
720,Tim Payne,DF,New Zealand,32,1994,2.5,3,1,Group Stage Eliminated,0.4,Yes,4e86877c,,,,,
721,Nicolás Paz,MF,Argentina,21,2004,0.8,2,0,Knockout,0,No,01bb93d5,,,,,
722,Marcus Pedersen,DF,Norway,25,2000,2.6,2,0,Knockout,0,Yes,596cc50e,,,,,
723,Pedri,MF,Spain,23,2002,5.5,8,10,Knockout,1.818181818,No,0d9b2d31,,,,,
724,Nicolas Pépé,FW,Côte d'Ivoire,31,1995,2.6,0,3,Knockout,1.153846154,No,57e3f0c7,,,,,
725,Ricardo Pepi,FW,USA,23,2003,2.3,1,1,Knockout,0.434782609,No,a2b1ed42,,,,,
726,Kojo Peprah Oppong,DF,Ghana,22,2004,0.5,0,0,Knockout,0,Yes,37a6fdb3,,,,,
727,Ivan Periši?,MFDF,Croatia,37,1989,4,4,4,Knockout,1,Yes,6fe90922,,,,,
728,Jens Petter Hauge,DFFW,Norway,26,1999,0.1,0,0,Knockout,0,Yes,12c35abe,,,,,
729,Charles Pickel,DFMF,Congo DR,29,1997,0.4,0,0,Knockout,0,Yes,f71ad8cb,,,,,
730,Jordan Pickford,GK,England,32,1994,7.3,0,0,Knockout,0,No,4806ec67,,,,,
731,Pico,DF,Cabo Verde,33,1992,4.3,5,7,Knockout,1.627906977,Yes,faef0f92,,,,,
732,Frantzdy Pierrot,FW,Haiti,31,1995,1.6,0,0,Group Stage Eliminated,0,No,307877be,,,,,
733,Kevin Pina,MF,Cabo Verde,29,1997,3.9,7,3,Knockout,0.769230769,No,296026ae,,,,,
734,Wagner Pina,DF,Cabo Verde,23,2002,1,0,1,Knockout,1,Yes,9bf22b95,,,,,
735,Orbelín Pineda,FWMF,Mexico,30,1996,0.3,0,0,Knockout,0,No,411fabd7,,,,,
736,Yéremy Pino,FWMF,Spain,23,2002,0.8,0,0,Knockout,0,No,540ec57b,,,,,
737,Isidro Pitta,FW,Paraguay,26,1999,0.5,0,0,Knockout,0,No,e9fc7295,,,,,
738,Johny Placide,GK,Haiti,38,1988,3,0,0,Group Stage Eliminated,0,No,f1666a9d,,,,,
739,Gonzalo Plata,FW,Ecuador,25,2000,4,5,2,Knockout,0.5,No,54bcdeb0,,,,,
740,Marin Pongra?i?,DF,Croatia,28,1997,3,3,0,Knockout,0,Yes,2a6cd437,,,,,
741,Jackson Porozo,DF,Ecuador,25,2000,0.3,0,0,Knockout,0,Yes,7d704e92,,,,,
742,Pedro Porro,DF,Spain,26,1999,6.3,11,8,Knockout,1.26984127,Yes,27d0a506,,,,,
743,Stefan Posch,DF,Austria,29,1997,3.7,4,10,Knockout,2.702702703,Yes,7f609bfc,,,,,
744,Alexander Prass,DFMF,Austria,25,2001,0.3,0,0,Knockout,0,Yes,6637e6a7,,,,,
745,Ángelo Preciado,DFMF,Ecuador,28,1998,1.2,1,3,Knockout,2.5,Yes,eadc8e4f,,,,,
746,Ruben Providence,MF,Haiti,24,2001,2.4,2,0,Group Stage Eliminated,0,No,26bab383,,,,,
747,Lukáš Provod,FW,Czechia,29,1996,1.4,3,1,Group Stage Eliminated,0.714285714,No,8f21b7bd,,,,,
748,Marc Pubill,DF,Spain,22,2003,0,0,0,Knockout,,No,365113c0,,,,,
749,Gustavo Puerta,MF,Colombia,22,2003,5.2,3,3,Knockout,0.576923077,No,2c08cab0,,,,,
750,Christian Pulisic,MF,USA,27,1998,2.5,1,0,Knockout,0,No,1bf33a9a,,,,,
751,Ahmed Qasem,MFFW,Iraq,22,2003,1.4,0,0,Group Stage Eliminated,0,No,27219ecb,,,,,
752,Jarell Quansah,DF,England,23,2003,2.2,0,0,Knockout,0,Yes,4125cb98,,,,,
753,Julián Quiñones,FWMF,Mexico,29,1997,4.6,0,0,Knockout,0,No,5535c728,,,,,
754,Alberto Quintero,FWMF,Panama,38,1987,0,0,0,Group Stage Eliminated,,No,5854ae43,,,,,
755,Juan Quintero,FWMF,Colombia,33,1993,1.3,0,0,Knockout,0,No,540d0b37,,,,,
756,Ramy Rabia,DF,Egypt,33,1993,4.1,5,3,Knockout,0.731707317,Yes,e32afa36,,,,,
757,Adrien Rabiot,MF,France,31,1995,6.5,7,11,Knockout,1.692307692,No,8794e251,,,,,
758,Stjepan Radelji?,DF,Bosnia-Herz,28,1997,2,1,0,Knockout,0,Yes,30e03a25,,,,,
759,Soufiane Rahimi,FW,Morocco,30,1996,1.8,2,0,Knockout,0,No,f126a259,,,,,
760,Abdul Rahman Baba,DFMF,Ghana,31,1994,0,0,0,Knockout,,No,e4086af3,,,,,
761,Anthony Ralston,DF,Scotland,27,1998,0.1,0,0,Group Stage Eliminated,0,Yes,56208b05,,,,,
762,Gonçalo Ramos,FW,Portugal,24,2001,0.4,0,0,Knockout,0,No,f63cda26,,,,,
763,Jiovany Ramos,DF,Panama,29,1997,1.8,1,3,Group Stage Eliminated,1.666666667,Yes,30cda59f,,,,,
764,Jesse Randall,MF,New Zealand,23,2002,0.7,0,0,Group Stage Eliminated,0,No,513ec88e,,,,,
765,Raúl Rangel,GK,Mexico,26,2000,4.9,0,0,Knockout,0,No,15f733fb,,,,,
766,Raphinha,MFFW,Brazil,29,1996,1.4,0,0,Knockout,0,No,3423f250,,,,,
767,Nizar Al Rashdan,MF,Jordan,27,1999,2.8,5,2,Group Stage Eliminated,0.714285714,No,feaa0ffd,,,,,
768,Marcus Rashford,MF,England,28,1997,2.5,2,0,Knockout,0,No,a1d5bd30,,,,,
769,Nicolas Raskin,MF,Belgium,25,2001,3.8,5,2,Knockout,0.526315789,No,dba1f190,,,,,
770,David Raum,DF,Germany,28,1998,1.2,1,1,Knockout,0.833333333,Yes,7d450ed3,,,,,
771,Noor Al Rawabdeh,MF,Jordan,29,1997,3,7,2,Group Stage Eliminated,0.666666667,No,3bb06c86,,,,,
772,Rayan,FWMF,Brazil,19,2006,3.2,4,3,Knockout,0.9375,No,288647fc,,,,,
773,Iqraam Rayners,FW,South Africa,30,1995,1.8,0,0,Knockout,0,No,190b0d5e,,,,,
774,Tim Ream,DF,USA,38,1987,4,1,6,Knockout,1.5,Yes,28b40c9c,,,,,
775,Tijjani Reijnders,MF,Netherlands,27,1998,2.2,0,2,Knockout,0.909090909,No,afb61630,,,,,
776,Omar Rekik,DF,Tunisia,24,2001,2,2,3,Group Stage Eliminated,1.5,Yes,e69e0f7b,,,,,
777,Israel Reyes,DF,Mexico,26,2000,2.2,1,3,Knockout,1.363636364,Yes,0db8bbc4,,,,,
778,Gio Reyna,MF,USA,23,2002,1.5,0,0,Knockout,0,No,7fa4e703,,,,,
779,Ramin Rezaeian,DFMF,IR Iran,36,1990,3,5,2,Group Stage Eliminated,0.666666667,Yes,c0ae3446,,,,,
780,Chadi Riad,DF,Morocco,22,2003,3.8,1,4,Knockout,1.052631579,Yes,b3b9b8b8,,,,,
781,Declan Rice,MF,England,27,1999,6.2,3,5,Knockout,0.806451613,No,1c7012b8,,,,,
782,Chris Richards,DF,USA,26,2000,4,3,4,Knockout,1,Yes,0a3d6d2b,,,,,
783,Fabian Rieder,MFFW,Switzerland,24,2002,3.4,3,1,Knockout,0.294117647,No,c2bd8585,,,,,
784,Richard Ríos,MF,Colombia,26,2000,1.6,2,1,Knockout,0.625,No,72da065d,,,,,
785,Ró-Ró,DF,Qatar,35,1990,3,4,3,Group Stage Eliminated,1,Yes,8735fe66,,,,,
786,Andy Robertson,DF,Scotland,32,1994,2.5,1,2,Group Stage Eliminated,0.8,Yes,2e4f5f03,,,,,
787,Antonee Robinson,DFMF,USA,28,1997,3.9,4,6,Knockout,1.538461538,Yes,289601e6,,,,,
788,Miles Robinson,DF,USA,29,1997,1,1,1,Knockout,1,Yes,782a95d9,,,,,
789,Sergio Rochet,GK,Uruguay,33,1993,0.5,0,0,Group Stage Eliminated,0,No,81b99b9e,,,,,
790,Rodri,MF,Spain,29,1996,8,20,3,Knockout,0.375,No,6434f10d,,,,,
791,Garry Rodrigues,MF,Cabo Verde,35,1990,0.8,2,1,Knockout,1.25,No,149895bf,,,,,
792,Brian Rodríguez,FWMF,Uruguay,26,2000,0.5,0,0,Group Stage Eliminated,0,No,c86041d7,,,,,
793,James Rodríguez,FWMF,Colombia,34,1991,3.5,1,1,Knockout,0.285714286,No,715bf047,,,,,
794,Kevin Rodríguez,FW,Ecuador,26,2000,1.3,1,0,Knockout,0,No,189fb038,,,,,
795,Ricardo Rodríguez,DF,Switzerland,33,1992,5.7,7,4,Knockout,0.701754386,Yes,7f78ad23,,,,,
796,Tomás Rodríguez,FW,Panama,27,1999,0.5,0,0,Group Stage Eliminated,0,No,59f97bc8,,,,,
797,Godfried Roemeratoe,MF,Curaçao,26,1999,0.1,0,0,Group Stage Eliminated,0,No,a646b710,,,,,
798,Morgan Rogers,MF,England,23,2002,3.8,3,0,Knockout,0,No,2e5915f1,,,,,
799,Cristian Romero,DF,Argentina,28,1998,6.8,10,11,Knockout,1.617647059,Yes,a3d94a58,,,,,
800,Luis Romo,MF,Mexico,31,1995,2.9,4,4,Knockout,1.379310345,No,e590bb10,,,,,
801,Cristiano Ronaldo,FW,Portugal,41,1985,4.9,1,1,Knockout,0.204081633,No,dea698d9,,,,,
802,Eloy Room,GK,Curaçao,37,1989,3,0,0,Group Stage Eliminated,0,No,6b33d86b,,,,,
803,Marten de Roon,DFMF,Netherlands,35,1991,0.1,0,0,Knockout,0,Yes,2a1beb34,,,,,
804,Saed Al-Rosan,DF,Jordan,29,1997,0.1,0,0,Group Stage Eliminated,0,Yes,f3115445,,,,,
805,Antonio Rüdiger,DF,Germany,33,1993,2.9,0,0,Knockout,0,Yes,18b896d6,,,,,
806,Fabián Ruiz Peña,MF,Spain,30,1996,3.6,3,4,Knockout,1.111111111,No,c0c7ff58,,,,,
807,Mathew Ryan,GK,Australia,34,1992,0,0,0,Knockout,,No,4535e4bb,,,,,
808,Julian Ryerson,DF,Norway,28,1997,2.5,8,0,Knockout,0,Yes,009a4f60,,,,,
809,Elias Saad,MFFW,Tunisia,26,1999,1.3,1,0,Group Stage Eliminated,0,No,78a2284f,,,,,
810,Marwane Saâdane,DFMF,Morocco,34,1992,0,0,0,Knockout,,No,14f47102,,,,,
811,Mustafa Saadoon,DF,Iraq,25,2001,0.2,1,0,Group Stage Eliminated,0,Yes,928dc5c9,,,,,
812,Mahmoud Saber,MF,Egypt,24,2001,0.5,0,0,Knockout,0,No,632c42f5,,,,,
813,Marcel Sabitzer,MF,Austria,32,1994,4,2,6,Knockout,1.5,No,e280527c,,,,,
814,Noah Sadiki,MF,Congo DR,21,2004,2.9,4,2,Knockout,0.689655172,No,645481cc,,,,,
815,Michal Sadílek,MF,Czechia,27,1999,2,2,2,Group Stage Eliminated,1,No,7c9fa389,,,,,
816,Alexis Saelemaekers,MF,Belgium,26,1999,0.9,2,0,Knockout,0,No,ee251371,,,,,
817,Ismael Saibari,FW,Morocco,25,2001,4.2,2,0,Knockout,0,No,3ec9f005,,,,,
818,Bukayo Saka,MF,England,24,2001,4,7,1,Knockout,0.25,No,bc7dc64d,,,,,
819,Mohamed Salah,FWMF,Egypt,33,1992,4.7,0,2,Knockout,0.425531915,No,e342ad68,,,,,
820,Anass Salah-Eddine,DF,Morocco,24,2002,2.4,5,0,Knockout,0,Yes,0d274394,,,,,
821,Nathan Saliba,MF,Canada,22,2004,2,4,4,Knockout,2,No,44cfc681,,,,,
822,William Saliba,DF,France,25,2001,5.3,0,6,Knockout,1.132075472,Yes,972aeb2a,,,,,
823,Shurandy Sambo,DF,Curaçao,24,2001,0,0,1,Group Stage Eliminated,,No,4b1d5a70,,,,,
824,Antonio Sanabria,FW,Paraguay,30,1996,0.9,2,0,Knockout,0,No,0a447501,,,,,
825,Davinson Sánchez,DF,Colombia,30,1996,5.3,2,6,Knockout,1.132075472,Yes,da7b447d,,,,,
826,Jorge Sánchez,DF,Mexico,28,1997,3.9,4,5,Knockout,1.282051282,Yes,c8d1c3a5,,,,,
827,Alex Sandro,DFMF,Brazil,35,1991,0.1,0,0,Knockout,0,Yes,0d82903c,,,,,
828,Leroy Sané,MF,Germany,30,1996,3.6,3,2,Knockout,0.555555556,No,2b114be3,,,,,
829,Ibrahim Sangaré,MF,Côte d'Ivoire,28,1997,3,5,6,Knockout,2,No,bced0375,,,,,
830,Kaish? Sano,MF,Japan,25,2000,3,2,4,Knockout,1.333333333,No,7a7a6361,,,,,
831,Danilo Santos,MF,Brazil,25,2001,0.5,2,1,Knockout,2,No,a816dbfb,,,,,
832,Douglas Santos,DF,Brazil,32,1994,4.9,10,6,Knockout,1.224489796,Yes,c50e5bba,,,,,
833,Bara Sapoko Ndiaye,MF,Senegal,18,2007,0.3,0,0,Knockout,0,No,fa080d50,,,,,
834,Ismaila Sarr,MFFW,Senegal,28,1998,4,1,2,Knockout,0.5,No,bfdb33aa,,,,,
835,Farrukh Sayfiev,DFMF,Uzbekistan,35,1991,0.5,0,0,Group Stage Eliminated,0,Yes,bad66fb5,,,,,
836,Amine Sbai,FWMF,Morocco,25,2000,0.1,0,0,Knockout,0,No,bafbe06a,,,,,
837,Joe Scally,DF,USA,23,2002,1,1,1,Knockout,1,Yes,236f02cd,,,,,
838,Patrik Schick,FW,Czechia,30,1996,2,0,0,Group Stage Eliminated,0,No,5d4f7d61,,,,,
839,Andreas Schjelderup,FW,Norway,22,2004,2.8,3,5,Knockout,1.785714286,No,a427724f,,,,,
840,Alexander Schlager,GK,Austria,30,1996,4,0,0,Knockout,0,No,6fe5c35b,,,,,
841,Xaver Schlager,MF,Austria,28,1997,2.6,3,7,Knockout,2.692307692,No,8f056768,,,,,
842,Nico Schlotterbeck,DF,Germany,26,1999,1.5,2,3,Knockout,2,Yes,34e12499,,,,,
843,Romano Schmid,MFFW,Austria,26,2000,2.9,4,0,Knockout,0,No,220ace7e,,,,,
844,Kamogelo Sebelebele,DFMF,South Africa,23,2002,0.1,0,0,Knockout,0,Yes,cc014f7d,,,,,
845,Abdoulaye Seck,DF,Senegal,34,1992,0.6,0,0,Knockout,0,Yes,f07a0fe5,,,,,
846,Alidu Seidu,DF,Ghana,26,2000,0.9,1,1,Knockout,1.111111111,Yes,cea59f02,,,,,
847,Nicolas Seiwald,MF,Austria,25,2001,3.5,5,4,Knockout,1.142857143,No,28c6e925,,,,,
848,Ayumu Seko,DF,Japan,26,2000,1,1,1,Knockout,1,Yes,5c6a4059,,,,,
849,Egil Selvik,GK,Norway,28,1997,1,0,0,Knockout,0,No,05d89c1c,,,,,
850,Ken Sema,FWMF,Sweden,32,1993,0.2,1,0,Knockout,0,No,1770bd68,,,,,
851,Nélson Semedo,DFMF,Portugal,32,1993,1.4,0,0,Knockout,0,Yes,d04b94db,,,,,
852,Willy Semedo,FW,Cabo Verde,32,1994,1.5,0,3,Knockout,2,No,d1edc98f,,,,,
853,Antoine Semenyo,MFFW,Ghana,26,2000,4,2,0,Knockout,0,No,efd2ec23,,,,,
854,Marvin Senaya,DF,Ghana,25,2001,3.1,12,6,Knockout,1.935483871,Yes,1d383c10,,,,,
855,Marcos Senesi,DF,Argentina,29,1997,1.2,0,2,Knockout,1.666666667,Yes,35141f4c,,,,,
856,Igor Sergeev,FW,Uzbekistan,33,1993,0.3,0,0,Group Stage Eliminated,0,No,8df41977,,,,,
857,Jean Seri,MF,Côte d'Ivoire,34,1991,0.2,1,0,Knockout,0,No,10efd0e1,,,,,
858,Kim Seung-gyu,GK,Korea Republic,35,1990,3,0,0,Group Stage Eliminated,0,No,eabaafa6,,,,,
859,Paik Seung-ho,MF,Korea Republic,29,1997,2.3,0,1,Group Stage Eliminated,0.434782609,No,1e1bea09,,,,,
860,Joaquin Seys,DF,Belgium,21,2005,0.3,1,0,Knockout,0,Yes,0beabf0a,,,,,
861,Jacob Shaffelburg,MF,Canada,26,1999,1,1,2,Knockout,2,No,339a2561,,,,,
862,Mohammed Abu Al-Shamat,MF,Saudi Arabia,23,2002,1.5,3,1,Group Stage Eliminated,0.666666667,No,dd65e243,,,,,
863,Lawrence Shankland,FW,Scotland,30,1995,1.9,1,0,Group Stage Eliminated,0,No,63b1a176,,,,,
864,Sharara,FW,Jordan,28,1997,0,0,0,Group Stage Eliminated,,No,67e2aed8,,,,,
865,Aimar Sher,MF,Iraq,23,2002,0.3,0,0,Group Stage Eliminated,0,No,ef301f96,,,,,
866,Kento Shiogai,FW,Japan,21,2005,0.1,0,0,Knockout,0,No,6bc2fef7,,,,,
867,Mostafa Shobeir,GK,Egypt,26,2000,5.3,0,0,Knockout,0,No,0cb1d2ba,,,,,
868,Eldor Shomurodov,FW,Uzbekistan,30,1995,3,4,0,Group Stage Eliminated,0,No,57469b2d,,,,,
869,Otabek Shukurov,MF,Uzbekistan,29,1996,2.6,2,0,Group Stage Eliminated,0,No,62032a56,,,,,
870,Nkosinathi Sibisi,DF,South Africa,30,1995,1,0,1,Knockout,1,Yes,932f8e2b,,,,,
871,Kwasi Sibo,MF,Ghana,27,1998,2.8,0,2,Knockout,0.714285714,No,be834ad7,,,,,
872,Niko Sigur,MF,Canada,22,2003,1.4,1,0,Knockout,0,No,5c56986b,,,,,
873,Bernardo Silva,MF,Portugal,31,1994,1.1,0,1,Knockout,0.909090909,No,3eb22ec9,,,,,
874,Éderson Silva,MF,Brazil,26,1999,0.2,0,1,Knockout,5,No,a9202def,,,,,
875,Giuliano Simeone,FW,Argentina,23,2002,2.1,3,1,Knockout,0.476190476,No,a6536561,,,,,
876,Dominique Simon,MF,Haiti,25,2000,0.6,1,1,Group Stage Eliminated,1.666666667,No,ffd8e8c5,,,,,
877,Unai Simón,GK,Spain,29,1997,8.3,0,0,Knockout,0,No,5dcf3e90,,,,,
878,Sarpreet Singh,MF,New Zealand,27,1999,2.3,1,0,Group Stage Eliminated,0,No,4ba886c6,,,,,
879,Wilfried Singo,DF,Côte d'Ivoire,25,2000,1.9,0,4,Knockout,2.105263158,Yes,8b609c34,,,,,
880,Sphephelo Sithole,MF,South Africa,27,1999,2.5,5,5,Knockout,2,No,33bcd4b3,,,,,
881,Ellyes Skhiri,MFDF,Tunisia,31,1995,2.8,1,2,Group Stage Eliminated,0.714285714,Yes,c2211709,,,,,
882,Alexandr Sojka,MFDF,Czechia,23,2003,1.6,1,2,Group Stage Eliminated,1.25,Yes,765b7bfc,,,,,
883,Ramón Sosa,FWMF,Paraguay,26,1999,0.1,0,0,Knockout,0,No,2d3417a1,,,,,
884,Tomáš Sou?ek,MF,Czechia,31,1995,1.5,0,1,Group Stage Eliminated,0.666666667,No,6613c819,,,,,
885,Harry Souttar,DF,Australia,27,1998,4.3,0,4,Knockout,0.930232558,Yes,0a6cb1b1,,,,,
886,Djibril Sow,MF,Switzerland,29,1997,2.8,1,2,Knockout,0.714285714,No,4c6facae,,,,,
887,Ça?lar Söyüncü,DF,Türkiye,30,1996,0.1,0,0,Group Stage Eliminated,0,Yes,21166ff4,,,,,
888,Djed Spence,DF,England,25,2000,4.5,10,5,Knockout,1.111111111,Yes,9bc9a519,,,,,
889,Marko Stamenic,MF,New Zealand,24,2002,3,1,4,Group Stage Eliminated,1.333333333,No,690d1049,,,,,
890,Josip Staniši?,DFMF,Croatia,26,2000,4,2,5,Knockout,1.25,Yes,7ed08d5c,,,,,
891,Carl Starfelt,DF,Sweden,31,1995,0,0,0,Knockout,,No,5cfec13d,,,,,
892,Ross Stewart,FW,Scotland,29,1996,0,0,0,Group Stage Eliminated,,No,18986367,,,,,
893,Angelo Stiller,MF,Germany,25,2001,0.5,1,1,Knockout,2,No,3b1ed320,,,,,
894,John Stones,DF,England,32,1994,3.7,0,0,Knockout,0,Yes,5eecec3d,,,,,
895,Jørgen Strand Larsen,FW,Norway,26,2000,1.2,0,0,Knockout,0,No,f553b2b3,,,,,
896,Elliot Stroud,MF,Sweden,23,2002,1.8,0,3,Knockout,1.666666667,No,ff11bdec,,,,,
897,Luis Suárez,FW,Colombia,28,1997,3.7,4,0,Knockout,0,No,eeba07f8,,,,,
898,Luka Su?i?,FWMF,Croatia,23,2002,0.2,0,0,Knockout,0,No,1e1378e1,,,,,
899,Petar Su?i?,MFFW,Croatia,22,2003,3.2,2,1,Knockout,0.3125,No,23fb46ea,,,,,
900,Yukinari Sugawara,MF,Japan,25,2000,1.6,3,0,Knockout,0,No,580bcd18,,,,,
901,Rebin Sulaka,DF,Iraq,34,1992,0.5,0,1,Group Stage Eliminated,2,Yes,928bec06,,,,,
902,Pavel Šulc,FW,Czechia,25,2000,2.1,2,0,Group Stage Eliminated,0,No,e9b893af,,,,,
903,Kamaldeen Sulemana,MFFW,Ghana,24,2002,1.4,2,1,Knockout,0.714285714,No,a62f8bf1,,,,,
904,Crysencio Summerville,FW,Netherlands,24,2001,2.8,2,2,Knockout,0.714285714,No,df04eb4b,,,,,
905,Ivan Šunji?,MF,Bosnia-Herz,29,1996,2.2,3,0,Knockout,0,No,e18098de,,,,,
906,Finn Surman,DF,New Zealand,22,2003,3,1,4,Group Stage Eliminated,1.333333333,Yes,016e419b,,,,,
907,Josip Šutalo,DF,Croatia,26,2000,4,4,6,Knockout,1.5,Yes,33a6a650,,,,,
908,Junnosuke Suzuki,DF,Japan,22,2003,0.5,0,1,Knockout,2,Yes,77428b1e,,,,,
909,Yuito Suzuki,FWMF,Japan,24,2001,0.1,1,0,Knockout,0,No,c25a7a2a,,,,,
910,Zion Suzuki,GK,Japan,23,2002,4,0,0,Knockout,0,No,51e1f4f5,,,,,
911,Mattias Svanberg,MF,Sweden,27,1999,0.2,1,1,Knockout,5,No,92d83c27,,,,,
912,Daniel Svensson,DF,Sweden,24,2002,1.1,2,1,Knockout,0.909090909,Yes,124c9382,,,,,
913,Alexander Sørloth,FW,Norway,30,1995,3.7,1,0,Knockout,0,No,e92cd3f7,,,,,
914,Musa Al-Taamari,FW,Jordan,29,1997,2.4,0,0,Group Stage Eliminated,0,No,f15f8b2b,,,,,
915,Haris Tabakovi?,FW,Bosnia-Herz,31,1994,0.2,0,0,Knockout,0,No,723b19c7,,,,,
916,Lee Tae-seok,MF,Korea Republic,23,2002,1.3,3,0,Group Stage Eliminated,0,No,32257cce,,,,,
917,Nicolás Tagliafico,DF,Argentina,33,1992,5.3,4,6,Knockout,1.132075472,Yes,f0661424,,,,,
918,Jonathan Tah,DF,Germany,30,1996,4.1,3,1,Knockout,0.243902439,Yes,bd142efb,,,,,
919,Benjamin Tahirovic,MF,Bosnia-Herz,23,2003,2.6,4,4,Knockout,1.538461538,No,eb3022c3,,,,,
920,Zaid Tahseen,DF,Iraq,25,2001,1.7,1,0,Group Stage Eliminated,0,Yes,f3380f7e,,,,,
921,Chemsdine Talbi,MF,Morocco,21,2005,2,2,2,Knockout,1,No,47ce793b,,,,,
922,Montassar Talbi,DF,Tunisia,28,1998,3,2,5,Group Stage Eliminated,1.666666667,Yes,a4a44eb0,,,,,
923,Hassan Al Tambakti,DF,Saudi Arabia,27,1999,2.4,3,3,Group Stage Eliminated,1.25,Yes,6d78c320,,,,,
924,Ao Tanaka,MF,Japan,27,1998,2.1,6,1,Knockout,0.476190476,No,1d36d6b6,,,,,
925,Shogo Taniguchi,DF,Japan,34,1991,2.6,0,1,Knockout,0.384615385,Yes,828a9c47,,,,,
926,Mehdi Taremi,FW,IR Iran,33,1992,2.9,2,2,Group Stage Eliminated,0.689655172,No,4c2a5d34,,,,,
927,Aurélien Tchouaméni,MF,France,26,2000,4,14,6,Knockout,1.5,No,4f255115,,,,,
928,Arthur Theate,DF,Belgium,26,2000,2.5,0,3,Knockout,1.2,Yes,df8d6029,,,,,
929,Igor Thiago,FW,Brazil,24,2001,0.7,1,0,Knockout,0,No,dc45ac24,,,,,
930,Malick Thiaw,DFMF,Germany,24,2001,0.5,2,0,Knockout,0,Yes,ff5ea0bf,,,,,
931,Ryan Thomas,MF,New Zealand,31,1994,0.9,2,0,Group Stage Eliminated,0,No,95efdac2,,,,,
932,Brandon Thomas-Asante,FWMF,Ghana,27,1998,0.6,0,0,Knockout,0,No,fb152f96,,,,,
933,Morten Thorsby,MF,Norway,30,1996,0.5,1,1,Knockout,2,No,d1b49282,,,,,
934,Kristian Thorstvedt,MF,Norway,27,1999,0.7,1,0,Knockout,0,No,76ff8d0d,,,,,
935,Marcus Thuram,FWMF,France,28,1997,0,0,0,Knockout,,No,6f8cd6d0,,,,,
936,Youri Tielemans,MF,Belgium,29,1997,5.3,6,2,Knockout,0.377358491,No,56f7a928,,,,,
937,Kieran Tierney,MF,Scotland,29,1997,1.2,1,2,Group Stage Eliminated,1.666666667,No,fce2302c,,,,,
938,Guus Til,FWMF,Netherlands,28,1997,0.4,0,0,Knockout,0,No,6e44569a,,,,,
939,Malik Tillman,MF,USA,24,2002,4,7,5,Knockout,1.25,No,a5420709,,,,,
940,Quinten Timber,MF,Netherlands,24,2001,0.6,0,1,Knockout,1.666666667,No,803e7aca,,,,,
941,Takehiro Tomiyasu,DF,Japan,27,1998,2,1,2,Knockout,1,Yes,b3af9be1,,,,,
942,Ivan Toney,FW,England,30,1996,0.9,0,0,Knockout,0,No,e09f279b,,,,,
943,Mehdi Torabi,MF,IR Iran,31,1994,0.3,0,1,Group Stage Eliminated,3.333333333,No,74567feb,,,,,
944,Félix Torres Caicedo,DF,Ecuador,29,1997,0.1,0,0,Knockout,0,Yes,c0a8860f,,,,,
945,Ferran Torres,FW,Spain,26,2000,3.2,0,0,Knockout,0,No,9e1035f8,,,,,
946,Sebastian Tounekti,FW,Tunisia,23,2002,0.9,0,0,Group Stage Eliminated,0,No,584fee1f,,,,,
947,Bazoumana Touré,MF,Côte d'Ivoire,20,2006,0.9,1,0,Knockout,0,No,93945a50,,,,,
948,Mo Touré,FW,Australia,22,2004,1.8,1,0,Knockout,0,No,8ac64b4e,,,,,
949,Kai Trewin,DFMF,Australia,25,2001,0.8,0,2,Knockout,2.5,Yes,1ab3d134,,,,,
950,Trézéguet,MF,Egypt,31,1994,1.8,0,1,Knockout,0.555555556,No,3ae14ed1,,,,,
951,Francisco Trincão,FWMF,Portugal,26,1999,0.3,1,0,Knockout,0,No,77e39b04,,,,,
952,Leandro Trossard,MFFW,Belgium,31,1994,5.6,1,4,Knockout,0.714285714,No,38ceb24a,,,,,
953,Auston Trusty,DF,USA,27,1998,1.1,1,4,Knockout,3.636363636,Yes,cddf767b,,,,,
954,Axel Tuanzebe,DF,Congo DR,28,1997,4,2,1,Knockout,0.25,Yes,2baec6ce,,,,,
955,Matt Turner,GK,USA,31,1994,1,0,0,Knockout,0,No,4a51ba65,,,,,
956,Ayase Ueda,FW,Japan,27,1998,3.6,1,0,Knockout,0,No,c0295327,,,,,
957,Manuel Ugarte,MF,Uruguay,25,2001,2,1,3,Group Stage Eliminated,1.5,No,c9817014,,,,,
958,Deniz Undav,FW,Germany,29,1996,1.7,0,0,Knockout,0,No,dd549382,,,,,
959,Dayot Upamecano,DF,France,27,1998,7.3,12,15,Knockout,2.054794521,Yes,d248cd8f,,,,,
960,Jakhongir Urozov,DF,Uzbekistan,22,2004,1.1,0,1,Group Stage Eliminated,0.909090909,Yes,71210bed,,,,,
961,Oston Urunov,MF,Uzbekistan,25,2000,0.7,0,1,Group Stage Eliminated,1.428571429,No,56521adf,,,,,
962,Can Uzun,MF,Türkiye,20,2005,0.4,0,0,Group Stage Eliminated,0,No,1d0b134a,,,,,
963,Enner Valencia,FW,Ecuador,36,1989,3.2,1,0,Knockout,0,No,fb485406,,,,,
964,Yan Valery,DF,Tunisia,27,1999,2.8,1,4,Group Stage Eliminated,1.428571429,Yes,531a4aa8,,,,,
965,Federico Valverde,MF,Uruguay,27,1998,2.6,2,3,Group Stage Eliminated,1.153846154,No,0959c2a2,,,,,
966,Virgil van Dijk,DF,Netherlands,34,1991,4.3,1,3,Knockout,0.697674419,Yes,e06683ca,,,,,
967,Hans Vanaken,MF,Belgium,33,1992,3.5,1,1,Knockout,0.285714286,No,392a7aea,,,,,
968,Guillermo Varela,DF,Uruguay,33,1993,3,1,7,Group Stage Eliminated,2.333333333,Yes,5c961282,,,,,
969,Hélio Varela,FW,Cabo Verde,24,2002,1.2,0,0,Knockout,0,No,91c99fec,,,,,
970,Camilo Vargas,GK,Colombia,37,1989,5.3,0,0,Knockout,0,No,004e3d0f,,,,,
971,Obed Vargas,MF,Mexico,20,2005,0.7,2,1,Knockout,1.428571429,No,9cc1fde4,,,,,
972,Ruben Vargas,MF,Switzerland,27,1998,3.2,2,2,Knockout,0.625,No,6ecbddf6,,,,,
973,Nikola Vasilj,GK,Bosnia-Herz,30,1995,4,0,0,Knockout,0,No,f038585f,,,,,
974,Johan Vásquez,DF,Mexico,27,1998,4,1,2,Knockout,0.5,Yes,5eaed77a,,,,,
975,Alexis Vega,FWMF,Mexico,28,1997,0.1,0,0,Knockout,0,No,f40f4c38,,,,,
976,Renato Veiga,DF,Portugal,22,2003,5,1,6,Knockout,1.2,Yes,fc8fcbd1,,,,,
977,Gustavo Velásquez,DF,Paraguay,35,1991,2.7,1,1,Knockout,0.37037037,Yes,b99b4cf5,,,,,
978,Nishan Velupillay,MF,Australia,25,2001,0.8,1,0,Knockout,0,No,40cb6b33,,,,,
979,Micky van de Ven,DFMF,Netherlands,25,2001,2.9,3,2,Knockout,0.689655172,Yes,8fe2a392,,,,,
980,Bart Verbruggen,GK,Netherlands,23,2002,4.3,0,0,Knockout,0,No,cf134113,,,,,
981,Matías Viña,DF,Uruguay,28,1997,0.5,0,0,Group Stage Eliminated,0,Yes,08eb3b58,,,,,
982,Federico Viñas,FW,Uruguay,27,1998,2.1,2,1,Group Stage Eliminated,0.476190476,No,d30c7094,,,,,
983,Denis Višinský,FW,Czechia,23,2003,0.6,0,0,Group Stage Eliminated,0,No,d5aac0e9,,,,,
984,Pedro Vite,MF,Ecuador,24,2002,4,11,5,Knockout,1.25,No,9c146b36,,,,,
985,Vitinha,MF,Portugal,26,2000,4.2,0,2,Knockout,0.476190476,No,3b029691,,,,,
986,Nikola Vlaši?,MF,Croatia,28,1997,2.1,2,1,Knockout,0.476190476,No,aa8e289e,,,,,
987,Cristian Volpato,MF,Australia,22,2003,1.8,1,0,Knockout,0,No,72f87f25,,,,,
988,Vozinha,GK,Cabo Verde,40,1986,4.3,0,0,Knockout,0,No,dc04ac24,,,,,
989,Francis de Vries,DF,New Zealand,31,1994,0.2,0,1,Group Stage Eliminated,5,Yes,90a63dda,,,,,
990,Luka Vuškovi?,DF,Croatia,19,2007,0.7,0,1,Knockout,1.428571429,Yes,fd6bdbce,,,,,
991,Elye Wahi,FW,Côte d'Ivoire,23,2003,1.2,1,0,Knockout,0,No,0d7b6576,,,,,
992,Aaron Wan-Bissaka,DF,Congo DR,28,1997,3.9,4,7,Knockout,1.794871795,Yes,9e525177,,,,,
993,Paul Wanner,MF,Austria,20,2005,2.6,1,2,Knockout,0.769230769,No,cb64672e,,,,,
994,Tsuyoshi Watanabe,DF,Japan,29,1997,1,2,0,Knockout,0,Yes,d5f5955a,,,,,
995,Cecilio Waterman,FW,Panama,35,1991,0.8,0,0,Group Stage Eliminated,0,No,ddd5637f,,,,,
996,Ollie Watkins,FWMF,England,30,1995,0.6,1,0,Knockout,0,No,aed3a70f,,,,,
997,Timothy Weah,MF,USA,26,2000,0.8,0,0,Knockout,0,No,8eec784d,,,,,
998,Wout Weghorst,FW,Netherlands,33,1992,0.6,1,0,Knockout,0,No,c4e87b8b,,,,,
999,Jacob Widell Zetterström,GK,Sweden,27,1998,2,0,0,Knockout,0,No,ac5120d8,,,,,
1000,Silvan Widmer,DF,Switzerland,33,1993,1.9,4,1,Knockout,0.526315789,Yes,f68b64fc,,,,,
1001,Iñaki Williams,MFFW,Ghana,31,1994,1.4,0,1,Knockout,0.714285714,No,6a99e0b1,,,,,
1002,Nico Williams,MF,Spain,23,2002,1.3,1,1,Knockout,0.769230769,No,afdc14d7,,,,,
1003,Ronwen Williams,GK,South Africa,34,1992,4,0,1,Knockout,0.25,No,a66cc153,,,,,
1004,Patrick Wimmer,FWMF,Austria,25,2001,0.2,0,2,Knockout,10,No,cb11b429,,,,,
1005,Florian Wirtz,MF,Germany,23,2003,4,6,2,Knockout,0.5,No,e7fcf289,,,,,
1006,Yoane Wissa,FW,Congo DR,29,1996,4,1,0,Knockout,0,No,2500cef9,,,,,
1007,Axel Witsel,DFMF,Belgium,37,1989,0.4,0,0,Knockout,0,Yes,5dfc6ad5,,,,,
1008,Nick Woltemade,FWMF,Germany,24,2002,0.4,1,0,Knockout,0,No,7ca196eb,,,,,
1009,Chris Wood,FW,New Zealand,34,1991,3,1,0,Group Stage Eliminated,0,No,4e9a0555,,,,,
1010,Haji Wright,FWMF,USA,28,1998,0,0,0,Knockout,,No,91cd37b7,,,,,
1011,Granit Xhaka,MF,Switzerland,33,1992,6.7,4,4,Knockout,0.597014925,No,e61b8aee,,,,,
1012,Kevin Yakob,MF,Iraq,25,2000,0.3,0,1,Group Stage Eliminated,3.333333333,No,18d3b8df,,,,,
1013,Lamine Yamal,MFFW,Spain,18,2007,6.8,9,2,Knockout,0.294117647,No,82ec26c1,,,,,
1014,Yannick,MF,Cabo Verde,30,1995,0.4,1,2,Knockout,5,No,6246aa55,,,,,
1015,Gessime Yassine,MF,Morocco,20,2005,0.9,2,1,Knockout,1.111111111,No,f5ccae19,,,,,
1016,John Yeboah,MF,Ecuador,25,2000,3.5,3,3,Knockout,0.857142857,No,8dfdc6c3,,,,,
1017,Tete Yengi,FW,Australia,25,2000,0.3,2,0,Knockout,0,No,1c215c70,,,,,
1018,Kenan Y?ld?z,MF,Türkiye,21,2005,2.4,2,1,Group Stage Eliminated,0.416666667,No,d8cda243,,,,,
1019,Caleb Yirenkyi,MF,Ghana,20,2006,2.9,1,3,Knockout,1.034482759,No,d40ce7b0,,,,,
1020,Seol Young-woo,MF,Korea Republic,27,1998,2.8,0,1,Group Stage Eliminated,0.357142857,No,8e577e1d,,,,,
1021,Manaf Younis,DF,Iraq,29,1996,0.8,1,1,Group Stage Eliminated,1.25,Yes,b798826e,,,,,
1022,Aria Yousefi,MF,IR Iran,24,2002,0.5,0,1,Group Stage Eliminated,2,No,fd069512,,,,,
1023,Ali Yousif,FW,Iraq,30,1996,0.4,1,0,Group Stage Eliminated,0,No,943fd50a,,,,,
1024,?smail Yüksek,MF,Türkiye,27,1999,1.5,5,2,Group Stage Eliminated,1.333333333,No,6c5af908,,,,,
1025,Utkir Yusupov,GK,Uzbekistan,35,1991,1,0,0,Group Stage Eliminated,0,No,31caffaf,,,,,
1026,Warren Zaïre-Emery,MF,France,20,2006,1.2,0,1,Knockout,0.833333333,No,6b9960cf,,,,,
1027,Denis Zakaria,DF,Switzerland,29,1996,4,5,9,Knockout,2.25,Yes,384d58d9,,,,,
1028,Jaroslav Zelený,MF,Czechia,33,1992,1.4,0,0,Group Stage Eliminated,0,No,bc647827,,,,,
1029,Alejandro Zendejas,FWMF,USA,28,1998,0.2,1,0,Knockout,0,No,d717b80e,,,,,
1030,Besfort Zeneli,MF,Sweden,23,2002,0.7,0,1,Knockout,1.428571429,No,6be253bf,,,,,
1031,Ramiz Zerrouki,MF,Algeria,28,1998,1.2,1,2,Knockout,1.666666667,No,c762b1a6,,,,,
1032,Luca Zidane,GK,Algeria,28,1998,3,0,0,Knockout,0,No,c818c4d9,,,,,
1033,Mostafa Ziko,FWMF,Egypt,29,1997,4.1,4,2,Knockout,0.487804878,No,68ff8437,,,,,
1034,David Zima,DF,Czechia,25,2000,0.1,0,0,Group Stage Eliminated,0,Yes,acf7e795,,,,,
1035,Zizo,MF,Egypt,30,1996,0.6,1,0,Knockout,0,No,c6415ba9,,,,,
1036,Martín Zubimendi,MF,Spain,27,1999,0.2,0,1,Knockout,5,No,3ee0dd59,,,,,
1037,Themba Zwane,FWMF,South Africa,36,1989,0.3,0,0,Knockout,0,No,c6f21aa8,,,,,
1038,Martin Ødegaard,MF,Norway,27,1998,5.2,4,3,Knockout,0.576923077,No,79300479,,,,,
1039,Leo Østigård,DF,Norway,26,1999,1.6,3,1,Knockout,0.625,Yes,b35a7399,,,,,
